"","timestamp","samples","duration","signal_freq","signal_bw","max_signal","noise","receiver","station","sig_diff","fstamp","behaviour","timediff","tag","exmp"
"2460442",2020-07-17 23:14:00,175152,0.0096,150199.27884375,3125,51.782894,-67.698227,"3","mof_rts_00013",0.871381801407551,2020-07-18 01:14:00,"time_drift",0.0294444561004639,"A",21
"2451752",2020-07-17 23:14:00,358704,0.0096,150198.256578125,9375,75.309853,-68.442245,"1","mof_rts_00013",0.15088382360409,2020-07-18 01:14:00,"time_drift",0.130016088485718,"A",21
"2446877",2020-07-17 23:14:00,34656,0.0096,150198.25,3750,58.360237,-68.932831,"0","mof_rts_00013",0.157461948605487,2020-07-18 01:14:00,"time_drift",0.00163412094116211,"A",21
"2456489",2020-07-17 23:14:00,211216,0.0096,150198.802078125,3125,58.039566,-67.811584,"2","mof_rts_00013",0.39461617640336,2020-07-18 01:14:00,"time_drift",0.1322922706604,"A",21
"2451753",2020-07-17 23:14:01,361648,0.0096,150198.020828125,11250,74.931786,-68.442245,"1","mof_rts_00013",0.38663382359664,2020-07-18 01:14:01,"time_drift",0.170048952102661,"A",21
"2456490",2020-07-17 23:14:01,214352,0.0096,150198.66071875,3125,57.56517,-67.811584,"2","mof_rts_00013",0.253256801399402,2020-07-18 01:14:01,"time_drift",0.0874924659729004,"A",21
"2451754",2020-07-17 23:14:01,364608,0.0096,150198.521335938,9375,74.875732,-68.442245,"1","mof_rts_00013",0.113873989408603,2020-07-18 01:14:01,"time_drift",0.107622385025024,"A",21
"2446878",2020-07-17 23:14:01,40448,0.0096,150198.66071875,3125,54.166782,-68.932831,"0","mof_rts_00013",0.253256801399402,2020-07-18 01:14:01,"time_drift",0.0528326034545898,"A",21
"2456491",2020-07-17 23:14:01,217264,0.0096,150198.66071875,3125,57.281521,-67.811584,"2","mof_rts_00013",0.253256801399402,2020-07-18 01:14:01,"time_drift",0.428351163864136,"A",21
"2451755",2020-07-17 23:14:02,367552,0.0096,150198.256578125,9375,74.730911,-68.442245,"1","mof_rts_00013",0.15088382360409,2020-07-18 01:14:02,"time_drift",0.0980160236358643,"A",21
"2446879",2020-07-17 23:14:02,43344,0.0096,150198.529414062,3750,58.928051,-68.932831,"0","mof_rts_00013",0.121952113404404,2020-07-18 01:14:02,"time_drift",0.0560340881347656,"A",21
"2456492",2020-07-17 23:14:02,220176,0.0096,150198.605765625,3125,57.395855,-67.811584,"2","mof_rts_00013",0.198303676384967,2020-07-18 01:14:02,"time_drift",0.0842881202697754,"A",21
"2460443",2020-07-17 23:14:02,186896,0.0096,150198.365382812,3750,53.613632,-67.698227,"3","mof_rts_00013",0.0420791366195772,2020-07-18 01:14:02,"time_drift",0.12579607963562,"A",21
"2451756",2020-07-17 23:14:02,370496,0.0096,150198.155476562,10625,75.127098,-68.442245,"1","mof_rts_00013",0.251985386596061,2020-07-18 01:14:02,"time_drift",0.0884172916412354,"A",21
"2446880",2020-07-17 23:14:02,46240,0.0096,150198.713234375,4375,61.651779,-68.932831,"0","mof_rts_00013",0.30577242639265,2020-07-18 01:14:02,"time_drift",0.143527507781982,"A",21
"2460444",2020-07-17 23:14:03,189840,0.0096,150198.645828125,1875,50.883972,-67.698227,"3","mof_rts_00013",0.23836617640336,2020-07-18 01:14:03,"time_drift",0.128988981246948,"A",21
"2451757",2020-07-17 23:14:03,373456,0.0096,150198.031242188,10000,74.934219,-68.442245,"1","mof_rts_00013",0.376219760597451,2020-07-18 01:14:03,"time_drift",0.0724222660064697,"A",21
"2446881",2020-07-17 23:14:03,49120,0.0096,150198.25,3750,60.086563,-68.932831,"0","mof_rts_00013",0.157461948605487,2020-07-18 01:14:03,"time_drift",0.0688333511352539,"A",21
"2456493",2020-07-17 23:14:03,226016,0.0096,150198.541664062,3750,57.322845,-67.811584,"2","mof_rts_00013",0.134202113404172,2020-07-18 01:14:03,"time_drift",0.253289937973022,"A",21
"2451758",2020-07-17 23:14:03,376400,0.0096,150198.593742188,11250,75.187111,-68.442245,"1","mof_rts_00013",0.186280239402549,2020-07-18 01:14:03,"time_drift",0.126816034317017,"A",21
"2446882",2020-07-17 23:14:04,52336,0.0096,150198.3035625,5625,61.554928,-68.932831,"0","mof_rts_00013",0.103899448615266,2020-07-18 01:14:04,"time_drift",0.00803089141845703,"A",21
"2456494",2020-07-17 23:14:04,228928,0.0096,150198.5576875,3125,56.831921,-67.811584,"2","mof_rts_00013",0.150225551391486,2020-07-18 01:14:04,"time_drift",0.0778946876525879,"A",21
"2451759",2020-07-17 23:14:04,379360,0.0096,150198.691851562,11250,74.917587,-68.442245,"1","mof_rts_00013",0.284389613399981,2020-07-18 01:14:04,"time_drift",0.0596210956573486,"A",21
"2446883",2020-07-17 23:14:04,54960,0.0096,150198.645828125,4375,61.763012,-68.932831,"0","mof_rts_00013",0.23836617640336,2020-07-18 01:14:04,"time_drift",0.1435227394104,"A",21
"2460445",2020-07-17 23:14:05,198656,0.0096,150198.970578125,5000,54.323017,-67.698227,"3","mof_rts_00013",0.563116176403128,2020-07-18 01:14:05,"time_drift",0.135390043258667,"A",21
"2451760",2020-07-17 23:14:05,382320,0.0128,150198.262195312,10000,74.976181,-68.442245,"1","mof_rts_00013",0.145266636594897,2020-07-18 01:14:05,"time_drift",0.122056245803833,"A",21
"2456495",2020-07-17 23:14:05,234768,0.0096,150198.4375,2500,56.224411,-67.811584,"2","mof_rts_00013",0.0300380513945129,2020-07-18 01:14:05,"time_drift",0.0746941566467285,"A",21
"2446884",2020-07-17 23:14:05,59104,0.0096,150198.75,4375,60.880707,-68.932831,"0","mof_rts_00013",0.342538051394513,2020-07-18 01:14:05,"time_drift",0.292380094528198,"A",21
"2451761",2020-07-17 23:14:05,385264,0.0096,150198.89534375,11250,74.826439,-68.442245,"1","mof_rts_00013",0.487881801382173,2020-07-18 01:14:05,"time_drift",0.187144994735718,"A",21
"2446885",2020-07-17 23:14:06,62016,0.0096,150198.375,5625,61.199348,-68.932831,"0","mof_rts_00013",0.0324619486054871,2020-07-18 01:14:06,"time_drift",0.301983594894409,"A",21
"2451762",2020-07-17 23:14:06,388224,0.0096,150198.031242188,10000,74.779953,-68.442245,"1","mof_rts_00013",0.376219760597451,2020-07-18 01:14:06,"time_drift",0.106049776077271,"A",21
"2456496",2020-07-17 23:14:06,240608,0.0096,150198.579539062,3125,55.781727,-67.811584,"2","mof_rts_00013",0.172077113384148,2020-07-18 01:14:06,"time_drift",0.0630686283111572,"A",21
"2446886",2020-07-17 23:14:06,64928,0.0096,150198.3035625,5625,61.523388,-68.932831,"0","mof_rts_00013",0.103899448615266,2020-07-18 01:14:06,"time_drift",0.0693213939666748,"A",21
"2451763",2020-07-17 23:14:06,391184,0.0128,150198.020828125,10625,74.941292,-68.442245,"1","mof_rts_00013",0.38663382359664,2020-07-18 01:14:06,"time_drift",0.102849245071411,"A",21
"2456497",2020-07-17 23:14:07,243536,0.0096,150198.437507812,3750,56.035652,-67.811584,"2","mof_rts_00013",0.0300458633864764,2020-07-18 01:14:07,"time_drift",0.0566706657409668,"A",21
"2446887",2020-07-17 23:14:07,67840,0.0096,150198.552632812,4375,60.571995,-68.932831,"0","mof_rts_00013",0.145170863397652,2020-07-18 01:14:07,"time_drift",0.0693271160125732,"A",21
"2460446",2020-07-17 23:14:07,210432,0.0096,150199.125,3750,54.738537,-67.698227,"3","mof_rts_00013",0.717538051394513,2020-07-18 01:14:07,"time_drift",0.144991636276245,"A",21
"2451764",2020-07-17 23:14:07,394128,0.0096,150199.05171875,15625,75.353653,-68.442245,"1","mof_rts_00013",0.644256801402662,2020-07-18 01:14:07,"time_drift",0.0964555740356445,"A",21
"2456498",2020-07-17 23:14:07,246464,0.0096,150198.522726562,2500,54.129066,-67.811584,"2","mof_rts_00013",0.115264613385079,2020-07-18 01:14:07,"time_drift",0.053469181060791,"A",21
"2446888",2020-07-17 23:14:07,70768,0.0096,150198.645828125,4375,59.855244,-68.932831,"0","mof_rts_00013",0.23836617640336,2020-07-18 01:14:07,"time_drift",0.0661237239837646,"A",21
"2451765",2020-07-17 23:14:08,397088,0.0096,150197.961296875,11875,75.486977,-68.442245,"1","mof_rts_00013",0.446165073604789,2020-07-18 01:14:08,"time_drift",0.0900509357452393,"A",21
"2456499",2020-07-17 23:14:08,249392,0.0096,150198.522726562,2500,53.036655,-67.811584,"2","mof_rts_00013",0.115264613385079,2020-07-18 01:14:08,"time_drift",0.0502710342407227,"A",21
"2446889",2020-07-17 23:14:08,73680,0.0096,150198.4375,3750,59.767403,-68.932831,"0","mof_rts_00013",0.0300380513945129,2020-07-18 01:14:08,"time_drift",0.0661218166351318,"A",21
"2451766",2020-07-17 23:14:08,400048,0.0096,150197.78125,10625,75.039879,-68.442245,"1","mof_rts_00013",0.626211948605487,2020-07-18 01:14:08,"time_drift",0.127518892288208,"A",21
"2446890",2020-07-17 23:14:08,76608,0.0096,150198.40278125,4375,58.76083,-68.932831,"0","mof_rts_00013",0.00468069859198295,2020-07-18 01:14:08,"time_drift",0.0629270076751709,"A",21
"2451767",2020-07-17 23:14:09,403008,0.0096,150198.509609375,9375,74.841698,-68.442245,"1","mof_rts_00013",0.102147426398005,2020-07-18 01:14:09,"time_drift",0.117923498153687,"A",21
"2446891",2020-07-17 23:14:09,79536,0.0096,150198.509609375,3750,59.661613,-68.932831,"0","mof_rts_00013",0.102147426398005,2020-07-18 01:14:09,"time_drift",0.185787200927734,"A",21
"2460447",2020-07-17 23:14:09,222192,0.0096,150198.863632812,3750,51.988838,-67.698227,"3","mof_rts_00013",0.456170863384614,2020-07-18 01:14:09,"time_drift",0.157797574996948,"A",21
"2451768",2020-07-17 23:14:09,405968,0.0128,150198.125,11875,74.716476,-68.442245,"1","mof_rts_00013",0.282461948605487,2020-07-18 01:14:09,"time_drift",0.0740482807159424,"A",21
"2456500",2020-07-17 23:14:09,258176,0.0096,150198.522726562,2500,53.894367,-67.811584,"2","mof_rts_00013",0.115264613385079,2020-07-18 01:14:09,"time_drift",0.0342693328857422,"A",21
"2446892",2020-07-17 23:14:10,82448,0.0096,150198.355257812,5000,60.204941,-68.932831,"0","mof_rts_00013",0.0522041365911719,2020-07-18 01:14:10,"time_drift",0.0629260540008545,"A",21
"2451769",2020-07-17 23:14:10,408928,0.0128,150198.366226562,13125,74.888611,-68.442245,"1","mof_rts_00013",0.0412353865976911,2020-07-18 01:14:10,"time_drift",0.0676510334014893,"A",21
"2456501",2020-07-17 23:14:10,261104,0.0096,150198.522726562,2500,54.32888,-67.811584,"2","mof_rts_00013",0.115264613385079,2020-07-18 01:14:10,"time_drift",0.0310711860656738,"A",21
"2446893",2020-07-17 23:14:10,85376,0.0096,150198.529414062,3750,58.034279,-68.932831,"0","mof_rts_00013",0.121952113404404,2020-07-18 01:14:10,"time_drift",0.0597236156463623,"A",21
"2460448",2020-07-17 23:14:10,228080,0.0096,150199.191164062,4375,53.942326,-67.698227,"3","mof_rts_00013",0.783702113403706,2020-07-18 01:14:10,"time_drift",0.164194822311401,"A",21
"2451770",2020-07-17 23:14:11,411888,0.0128,150198.5,10000,74.947311,-68.442245,"1","mof_rts_00013",0.0925380513945129,2020-07-18 01:14:11,"time_drift",0.0612499713897705,"A",21
"2456502",2020-07-17 23:14:11,264032,0.0096,150198.4375,2500,55.698681,-67.811584,"2","mof_rts_00013",0.0300380513945129,2020-07-18 01:14:11,"time_drift",0.0278692245483398,"A",21
"2446894",2020-07-17 23:14:11,88304,0.0096,150198.66071875,3125,56.426144,-68.932831,"0","mof_rts_00013",0.253256801399402,2020-07-18 01:14:11,"time_drift",0.0123710632324219,"A",21
"2460449",2020-07-17 23:14:11,231024,0.0096,150198.867179688,3750,55.667816,-67.698227,"3","mof_rts_00013",0.459717739402549,2020-07-18 01:14:11,"time_drift",0.173792600631714,"A",21
"2451771",2020-07-17 23:14:11,414848,0.0128,150198.562492188,10000,74.924805,-68.442245,"1","mof_rts_00013",0.155030239402549,2020-07-18 01:14:11,"time_drift",0.054856538772583,"A",21
"2456503",2020-07-17 23:14:11,266960,0.0096,150198.5576875,3125,55.084782,-67.811584,"2","mof_rts_00013",0.150225551391486,2020-07-18 01:14:11,"time_drift",0.0246677398681641,"A",21
"2446895",2020-07-17 23:14:11,91232,0.0096,150198.4375,2500,52.840359,-68.932831,"0","mof_rts_00013",0.0300380513945129,2020-07-18 01:14:11,"time_drift",0.0565230846405029,"A",21
"2460450",2020-07-17 23:14:12,233984,0.0096,150198.791664062,3750,55.465584,-67.698227,"3","mof_rts_00013",0.384202113404172,2020-07-18 01:14:12,"time_drift",0.170592069625854,"A",21
"2451772",2020-07-17 23:14:12,417808,0.0128,150198.563820312,9375,74.790909,-68.442245,"1","mof_rts_00013",0.156358363397885,2020-07-18 01:14:12,"time_drift",0.0484516620635986,"A",21
"2456504",2020-07-17 23:14:12,269888,0.0096,150198.352273438,2500,53.158123,-67.811584,"2","mof_rts_00013",0.0551885105960537,2020-07-18 01:14:12,"time_drift",0.0214695930480957,"A",21
"2446896",2020-07-17 23:14:12,94160,0.0096,150198.4375,2500,52.768848,-68.932831,"0","mof_rts_00013",0.0300380513945129,2020-07-18 01:14:12,"time_drift",0.204987525939941,"A",21
"2460451",2020-07-17 23:14:12,236912,0.0096,150198.583335938,4375,54.481781,-67.698227,"3","mof_rts_00013",0.175873989384854,2020-07-18 01:14:12,"time_drift",0.176993131637573,"A",21
"2451773",2020-07-17 23:14:12,420768,0.0096,150197.75296875,10625,75.050369,-68.442245,"1","mof_rts_00013",0.654493198613636,2020-07-18 01:14:12,"time_drift",0.0571215152740479,"A",21
"2446897",2020-07-17 23:14:13,97088,0.0096,150198.40278125,4375,57.800686,-68.932831,"0","mof_rts_00013",0.00468069859198295,2020-07-18 01:14:13,"time_drift",0.0533225536346436,"A",21
"2451774",2020-07-17 23:14:13,423728,0.0096,150197.961296875,11875,74.833847,-68.442245,"1","mof_rts_00013",0.446165073604789,2020-07-18 01:14:13,"time_drift",0.0443184375762939,"A",21
"2446898",2020-07-17 23:14:13,100016,0.0096,150198.529414062,3750,57.57679,-68.932831,"0","mof_rts_00013",0.121952113404404,2020-07-18 01:14:13,"time_drift",0.0533244609832764,"A",21
"2460452",2020-07-17 23:14:13,242800,0.0096,150199.0625,3750,54.693382,-67.698227,"3","mof_rts_00013",0.655038051394513,2020-07-18 01:14:13,"time_drift",0.183390378952026,"A",21
"2451775",2020-07-17 23:14:14,426688,0.0096,150198.141890625,9375,74.935669,-68.442245,"1","mof_rts_00013",0.265571323601762,2020-07-18 01:14:14,"time_drift",0.0292520523071289,"A",21
"2456505",2020-07-17 23:14:14,278688,0.0096,150198.562492188,2500,53.648918,-67.811584,"2","mof_rts_00013",0.155030239402549,2020-07-18 01:14:14,"time_drift",0.00547146797180176,"A",21
"2446899",2020-07-17 23:14:14,102944,0.0096,150198.552632812,4375,60.495083,-68.932831,"0","mof_rts_00013",0.145170863397652,2020-07-18 01:14:14,"time_drift",0.0533263683319092,"A",21
"2451776",2020-07-17 23:14:14,429664,0.0128,150198.795445312,11875,74.82402,-68.442245,"1","mof_rts_00013",0.387983363383682,2020-07-18 01:14:14,"time_drift",0.0228509902954102,"A",21
"2456506",2020-07-17 23:14:14,281616,0.0096,150198.317304688,3125,56.201084,-67.811584,"2","mof_rts_00013",0.0901572605944239,2020-07-18 01:14:14,"time_drift",0.00226998329162598,"A",21
"2446900",2020-07-17 23:14:14,105872,0.0096,150198.345585938,3750,59.257172,-68.932831,"0","mof_rts_00013",0.0618760106153786,2020-07-18 01:14:14,"time_drift",0.053328275680542,"A",21
"2451777",2020-07-17 23:14:15,432624,0.0096,150198.256578125,9375,74.416641,-68.442245,"1","mof_rts_00013",0.15088382360409,2020-07-18 01:14:15,"time_drift",0.0123207569122314,"A",21
"2456507",2020-07-17 23:14:15,284544,0.0096,150198.4375,2500,53.870186,-67.811584,"2","mof_rts_00013",0.0300380513945129,2020-07-18 01:14:15,"time_drift",0.161564826965332,"A",21
"2446901",2020-07-17 23:14:15,108800,0.0096,150198.636359375,3125,57.182049,-68.932831,"0","mof_rts_00013",0.228897426393814,2020-07-18 01:14:15,"time_drift",0.417184591293335,"A",21
"2451778",2020-07-17 23:14:15,435584,0.0096,150197.984367188,10625,74.403671,-68.442245,"1","mof_rts_00013",0.423094760597451,2020-07-18 01:14:15,"time_drift",0.00591778755187988,"A",21
"2456508",2020-07-17 23:14:15,287472,0.0096,150198.4375,2500,54.256439,-67.811584,"2","mof_rts_00013",0.0300380513945129,2020-07-18 01:14:15,"time_drift",0.164767265319824,"A",21
"2446902",2020-07-17 23:14:15,111744,0.0096,150198.6328125,3750,58.291481,-68.932831,"0","mof_rts_00013",0.225350551394513,2020-07-18 01:14:15,"time_drift",0.050123929977417,"A",21
"2460453",2020-07-17 23:14:16,254736,0.0192,150198.675,8124.999512,50.134117,-67.684334,"3","mof_rts_00013",0.267538051382871,2020-07-18 01:14:16,"time_drift",0.17331600189209,"A",21
"2451779",2020-07-17 23:14:16,438560,0.0128,150198.59375,8750,74.663559,-68.442245,"1","mof_rts_00013",0.186288051394513,2020-07-18 01:14:16,"time_drift",0.049548864364624,"A",21
"2446903",2020-07-17 23:14:16,114672,0.0096,150198.529414062,3750,58.267475,-68.932831,"0","mof_rts_00013",0.121952113404404,2020-07-18 01:14:16,"time_drift",0.41350269317627,"A",21
"2451780",2020-07-17 23:14:16,441520,0.0096,150198.38140625,10000,74.383026,-68.442245,"1","mof_rts_00013",0.0260556986031588,2020-07-18 01:14:16,"time_drift",0.0399434566497803,"A",21
"2446904",2020-07-17 23:14:17,117600,0.0096,150198.529414062,3750,57.984215,-68.932831,"0","mof_rts_00013",0.121952113404404,2020-07-18 01:14:17,"time_drift",0.0501277446746826,"A",21
"2460454",2020-07-17 23:14:17,260496,0.0096,150198.645828125,3125,52.441338,-67.698227,"3","mof_rts_00013",0.23836617640336,2020-07-18 01:14:17,"time_drift",0.179714202880859,"A",21
"2451781",2020-07-17 23:14:17,444496,0.0128,150198.260867188,9375,74.771355,-68.442245,"1","mof_rts_00013",0.146594760619337,2020-07-18 01:14:17,"time_drift",0.0335423946380615,"A",21
"2446905",2020-07-17 23:14:17,120528,0.0096,150198.552632812,4375,60.430611,-68.932831,"0","mof_rts_00013",0.145170863397652,2020-07-18 01:14:17,"time_drift",0.0501220226287842,"A",21
"2460455",2020-07-17 23:14:17,263440,0.0096,150198.625,3125,54.005253,-67.698227,"3","mof_rts_00013",0.217538051394513,2020-07-18 01:14:17,"time_drift",0.173315048217773,"A",21
"2456509",2020-07-17 23:14:18,299200,0.0096,150198.522726562,2500,54.325008,-67.811584,"2","mof_rts_00013",0.115264613385079,2020-07-18 01:14:18,"time_drift",0.0219488143920898,"A",21
"2451782",2020-07-17 23:14:18,447456,0.0096,150198.141890625,9375,74.626694,-68.442245,"1","mof_rts_00013",0.265571323601762,2020-07-18 01:14:18,"time_drift",0.023944616317749,"A",21
"2446906",2020-07-17 23:14:18,123456,0.0096,150198.345585938,3750,58.29533,-68.932831,"0","mof_rts_00013",0.0618760106153786,2020-07-18 01:14:18,"time_drift",0.050123929977417,"A",21
"2456510",2020-07-17 23:14:18,302128,0.0096,150198.4375,2500,53.973484,-67.811584,"2","mof_rts_00013",0.0300380513945129,2020-07-18 01:14:18,"time_drift",0.0315465927124023,"A",21
"2451783",2020-07-17 23:14:18,450432,0.0096,150198.229164062,9375,74.487717,-68.442245,"1","mof_rts_00013",0.178297886595828,2020-07-18 01:14:18,"time_drift",0.0143468379974365,"A",21
"2446907",2020-07-17 23:14:18,126384,0.0096,150198.605765625,3125,57.757881,-68.932831,"0","mof_rts_00013",0.198303676384967,2020-07-18 01:14:18,"time_drift",0.0501258373260498,"A",21
"2456511",2020-07-17 23:14:19,305056,0.0096,150198.4375,2500,54.753281,-67.811584,"2","mof_rts_00013",0.0300380513945129,2020-07-18 01:14:19,"time_drift",0.0379512310028076,"A",21
"2451784",2020-07-17 23:14:19,453408,0.0128,150198.474992188,10000,74.687202,-68.442245,"1","mof_rts_00013",0.0675302394083701,2020-07-18 01:14:19,"time_drift",0.123615503311157,"A",21
"2446908",2020-07-17 23:14:19,129312,0.0096,150198.365382812,3750,57.495266,-68.932831,"0","mof_rts_00013",0.0420791366195772,2020-07-18 01:14:19,"time_drift",0.0501277446746826,"A",21
"2460456",2020-07-17 23:14:19,272304,0.0096,150198.791664062,3750,53.869831,-67.698227,"3","mof_rts_00013",0.384202113404172,2020-07-18 01:14:19,"time_drift",0.154114723205566,"A",21
"2451785",2020-07-17 23:14:19,456368,0.0096,150198.06546875,10625,74.875168,-68.442245,"1","mof_rts_00013",0.341993198613636,2020-07-18 01:14:19,"time_drift",0.117216348648071,"A",21
"2446909",2020-07-17 23:14:20,132256,0.0096,150198.529414062,3750,58.135025,-68.932831,"0","mof_rts_00013",0.121952113404404,2020-07-18 01:14:20,"time_drift",0.403902053833008,"A",21
"2456512",2020-07-17 23:14:20,310928,0.0096,150198.333335938,3750,56.845642,-67.811584,"2","mof_rts_00013",0.0741260106151458,2020-07-18 01:14:20,"time_drift",0.0458893775939941,"A",21
"2451786",2020-07-17 23:14:20,459344,0.0096,150198.378367188,8750,74.742439,-68.442245,"1","mof_rts_00013",0.0290947605972178,2020-07-18 01:14:20,"time_drift",0.107616662979126,"A",21
"2446910",2020-07-17 23:14:20,135184,0.0096,150198.6328125,3750,56.807213,-68.932831,"0","mof_rts_00013",0.225350551394513,2020-07-18 01:14:20,"time_drift",0.403903007507324,"A",21
"2456513",2020-07-17 23:14:21,313856,0.0096,150198.4375,2500,55.480347,-67.811584,"2","mof_rts_00013",0.0300380513945129,2020-07-18 01:14:21,"time_drift",0.0458931922912598,"A",21
"2451787",2020-07-17 23:14:21,462320,0.0096,150197.601742188,11250,74.755104,-68.442245,"1","mof_rts_00013",0.805719760595821,2020-07-18 01:14:21,"time_drift",0.0980169773101807,"A",21
"2446911",2020-07-17 23:14:21,138112,0.0096,150198.529414062,3750,58.046806,-68.932831,"0","mof_rts_00013",0.121952113404404,2020-07-18 01:14:21,"time_drift",0.0501220226287842,"A",21
"2456514",2020-07-17 23:14:21,316784,0.0096,150198.1818125,3125,57.035667,-67.811584,"2","mof_rts_00013",0.225649448606418,2020-07-18 01:14:21,"time_drift",0.0458931922912598,"A",21
"2451788",2020-07-17 23:14:21,465296,0.0128,150198.5694375,8750,74.914276,-68.442245,"1","mof_rts_00013",0.161975551396608,2020-07-18 01:14:21,"time_drift",0.0879900455474854,"A",21
"2446912",2020-07-17 23:14:21,141040,0.0096,150198.566171875,4375,57.874825,-68.932831,"0","mof_rts_00013",0.1587099263852,2020-07-18 01:14:21,"time_drift",0.050123929977417,"A",21
"2456515",2020-07-17 23:14:22,319728,0.0096,150198.4375,2500,56.436749,-67.811584,"2","mof_rts_00013",0.0300380513945129,2020-07-18 01:14:22,"time_drift",0.0426967144012451,"A",21
"2451789",2020-07-17 23:14:22,468272,0.0128,150198.834734375,13750,74.734856,-68.442245,"1","mof_rts_00013",0.427272426401032,2020-07-18 01:14:22,"time_drift",0.082021951675415,"A",21
"2446913",2020-07-17 23:14:22,143968,0.0096,150198.375,3750,57.949085,-68.932831,"0","mof_rts_00013",0.0324619486054871,2020-07-18 01:14:22,"time_drift",0.0501258373260498,"A",21
"2456516",2020-07-17 23:14:22,322656,0.0096,150198.66071875,3125,56.101707,-67.811584,"2","mof_rts_00013",0.253256801399402,2020-07-18 01:14:22,"time_drift",0.085951566696167,"A",21
"2451790",2020-07-17 23:14:22,471248,0.0128,150198.203117188,9375,74.89698,-68.442245,"1","mof_rts_00013",0.204344760597451,2020-07-18 01:14:22,"time_drift",0.0756151676177979,"A",21
"2446914",2020-07-17 23:14:23,146912,0.0096,150198.59375,3750,58.26078,-68.932831,"0","mof_rts_00013",0.186288051394513,2020-07-18 01:14:23,"time_drift",0.0469272136688232,"A",21
"2456517",2020-07-17 23:14:23,325600,0.0096,150198.562492188,2500,54.689877,-67.811584,"2","mof_rts_00013",0.155030239402549,2020-07-18 01:14:23,"time_drift",0.0955493450164795,"A",21
"2451791",2020-07-17 23:14:23,474224,0.0096,150198.50328125,9375,74.664764,-68.442245,"1","mof_rts_00013",0.0958193014084827,2020-07-18 01:14:23,"time_drift",0.0628187656402588,"A",21
"2446915",2020-07-17 23:14:23,149840,0.0096,150198.3035625,5625,61.096977,-68.932831,"0","mof_rts_00013",0.103899448615266,2020-07-18 01:14:23,"time_drift",0.284987449645996,"A",21
"2460457",2020-07-17 23:14:23,293008,0.0096,150198.958320312,3750,53.715889,-67.698227,"3","mof_rts_00013",0.550858363392763,2020-07-18 01:14:23,"time_drift",0.115715026855469,"A",21
"2456518",2020-07-17 23:14:24,328528,0.0096,150198.4375,2500,55.521061,-67.811584,"2","mof_rts_00013",0.0300380513945129,2020-07-18 01:14:24,"time_drift",0.0426888465881348,"A",21
"2451792",2020-07-17 23:14:24,477200,0.0096,150198.009867188,10000,74.748878,-68.442245,"1","mof_rts_00013",0.397594760608627,2020-07-18 01:14:24,"time_drift",0.0532190799713135,"A",21
"2446916",2020-07-17 23:14:24,152768,0.0096,150198.345585938,3750,59.141655,-68.932831,"0","mof_rts_00013",0.0618760106153786,2020-07-18 01:14:24,"time_drift",0.291386604309082,"A",21
"2460458",2020-07-17 23:14:24,295952,0.0096,150199.04165625,4375,54.414177,-67.698227,"3","mof_rts_00013",0.634194301383104,2020-07-18 01:14:24,"time_drift",0.109315872192383,"A",21
"2456519",2020-07-17 23:14:24,331472,0.0096,150198.562492188,2500,54.773239,-67.811584,"2","mof_rts_00013",0.155030239402549,2020-07-18 01:14:24,"time_drift",0.039492130279541,"A",21
"2451793",2020-07-17 23:14:24,480176,0.0096,150198.125,10000,74.761971,-68.442245,"1","mof_rts_00013",0.282461948605487,2020-07-18 01:14:24,"time_drift",0.0468199253082275,"A",21
"2446917",2020-07-17 23:14:24,155712,0.0096,150198.552632812,4375,60.818642,-68.932831,"0","mof_rts_00013",0.145170863397652,2020-07-18 01:14:24,"time_drift",0.0469214916229248,"A",21
"2460459",2020-07-17 23:14:25,298912,0.0128,150199.103257812,5625,53.682873,-67.698227,"3","mof_rts_00013",0.695795863401145,2020-07-18 01:14:25,"time_drift",0.10931396484375,"A",21
"2456520",2020-07-17 23:14:25,334400,0.0096,150198.645828125,3125,55.242538,-67.811584,"2","mof_rts_00013",0.23836617640336,2020-07-18 01:14:25,"time_drift",0.039492130279541,"A",21
"2451794",2020-07-17 23:14:25,483152,0.0096,150198.198523438,8750,73.634567,-68.442245,"1","mof_rts_00013",0.208938510593725,2020-07-18 01:14:25,"time_drift",0.0372202396392822,"A",21
"2446918",2020-07-17 23:14:25,158640,0.0096,150198.3035625,5625,61.380165,-68.932831,"0","mof_rts_00013",0.103899448615266,2020-07-18 01:14:25,"time_drift",0.0469233989715576,"A",21
"2460460",2020-07-17 23:14:25,301888,0.0128,150199.044109375,4375,52.761452,-67.698227,"3","mof_rts_00013",0.636647426406853,2020-07-18 01:14:25,"time_drift",0.0965137481689453,"A",21
"2456521",2020-07-17 23:14:25,337344,0.0096,150198.522726562,2500,54.641144,-67.811584,"2","mof_rts_00013",0.115264613385079,2020-07-18 01:14:25,"time_drift",0.127547264099121,"A",21
"2451795",2020-07-17 23:14:25,486144,0.0128,150198.311164062,10000,73.547859,-68.442245,"1","mof_rts_00013",0.0962978866009507,2020-07-18 01:14:25,"time_drift",0.0207903385162354,"A",21
"2446919",2020-07-17 23:14:25,161568,0.0096,150198.020828125,5000,59.188854,-68.932831,"0","mof_rts_00013",0.38663382359664,2020-07-18 01:14:25,"time_drift",0.0469233989715576,"A",21
"2460461",2020-07-17 23:14:26,304832,0.0096,150198.645828125,3125,54.144264,-67.698227,"3","mof_rts_00013",0.23836617640336,2020-07-18 01:14:26,"time_drift",0.0933151245117188,"A",21
"2456522",2020-07-17 23:14:26,340272,0.0096,150198.352273438,2500,55.174839,-67.811584,"2","mof_rts_00013",0.0551885105960537,2020-07-18 01:14:26,"time_drift",0.039492130279541,"A",21
"2451796",2020-07-17 23:14:26,489120,0.0096,150198.263882812,8750,73.632545,-68.442245,"1","mof_rts_00013",0.143579136609333,2020-07-18 01:14:26,"time_drift",0.018017053604126,"A",21
"2446920",2020-07-17 23:14:26,164512,0.0096,150198.529414062,3750,59.297356,-68.932831,"0","mof_rts_00013",0.121952113404404,2020-07-18 01:14:26,"time_drift",0.208188056945801,"A",21
"2460462",2020-07-17 23:14:26,307328,0.0096,150199.249992188,5000,50.206459,-66.481804,"3","mof_rts_00013",0.842530239402549,2020-07-18 01:14:26,"time_drift",0.102397918701172,"A",21
"2460463",2020-07-17 23:14:26,307792,0.0096,150198.352273438,2500,53.390488,-67.698227,"3","mof_rts_00013",0.0551885105960537,2020-07-18 01:14:26,"time_drift",0.0869159698486328,"A",21
"2456523",2020-07-17 23:14:26,343216,0.0096,150198.4375,2500,55.698235,-67.811584,"2","mof_rts_00013",0.0300380513945129,2020-07-18 01:14:26,"time_drift",0.0362954139709473,"A",21
"2451797",2020-07-17 23:14:27,492096,0.0096,150198.256578125,9375,74.065994,-68.442245,"1","mof_rts_00013",0.15088382360409,2020-07-18 01:14:27,"time_drift",0.00841546058654785,"A",21
"2446921",2020-07-17 23:14:27,167440,0.0096,150198.345585938,3750,58.536407,-68.932831,"0","mof_rts_00013",0.0618760106153786,2020-07-18 01:14:27,"time_drift",0.0469272136688232,"A",21
"2456524",2020-07-17 23:14:27,346160,0.0096,150198.562492188,2500,54.605762,-67.811584,"2","mof_rts_00013",0.155030239402549,2020-07-18 01:14:27,"time_drift",0.155169486999512,"A",21
"2446922",2020-07-17 23:14:27,170384,0.0096,150198.529414062,3750,58.790703,-68.932831,"0","mof_rts_00013",0.121952113404404,2020-07-18 01:14:27,"time_drift",0.00117850303649902,"A",21
"2451798",2020-07-17 23:14:27,495088,0.0096,150198.229164062,9375,74.588318,-68.442245,"1","mof_rts_00013",0.178297886595828,2020-07-18 01:14:27,"time_drift",0.0425481796264648,"A",21
"2456525",2020-07-17 23:14:28,349088,0.0096,150198.352273438,2500,54.688065,-67.811584,"2","mof_rts_00013",0.0551885105960537,2020-07-18 01:14:28,"time_drift",0.0362954139709473,"A",21
"2446923",2020-07-17 23:14:28,173312,0.0096,150198.281242188,3750,59.809868,-68.932831,"0","mof_rts_00013",0.126219760597451,2020-07-18 01:14:28,"time_drift",0.0107800960540771,"A",21
"2451799",2020-07-17 23:14:28,498080,0.0128,150198.111695312,9375,74.570724,-68.442245,"1","mof_rts_00013",0.295766636612825,2020-07-18 01:14:28,"time_drift",0.319009065628052,"A",21
"2460464",2020-07-17 23:14:28,316688,0.0096,150198.798078125,3750,53.725517,-67.698227,"3","mof_rts_00013",0.390616176387994,2020-07-18 01:14:28,"time_drift",0.06451416015625,"A",21
"2460465",2020-07-17 23:14:28,317216,0.0128,150198.894226562,4375,49.337521,-66.481804,"3","mof_rts_00013",0.486764613393461,2020-07-18 01:14:28,"time_drift",0.00464630126953125,"A",21
"2456526",2020-07-17 23:14:28,352032,0.0096,150198.5576875,3125,55.073311,-67.811584,"2","mof_rts_00013",0.150225551391486,2020-07-18 01:14:28,"time_drift",0.155169486999512,"A",21
"2446924",2020-07-17 23:14:28,176256,0.0096,150198.40278125,4375,58.594868,-68.932831,"0","mof_rts_00013",0.00468069859198295,2020-07-18 01:14:28,"time_drift",0.0437266826629639,"A",21
"2460466",2020-07-17 23:14:29,319664,0.0096,150198.84615625,3750,53.440083,-67.698227,"3","mof_rts_00013",0.438694301381474,2020-07-18 01:14:29,"time_drift",0.0581150054931641,"A",21
"2456527",2020-07-17 23:14:29,354976,0.0096,150198.4375,2500,55.583801,-67.811584,"2","mof_rts_00013",0.0300380513945129,2020-07-18 01:14:29,"time_drift",0.155169486999512,"A",21
"2446925",2020-07-17 23:14:29,179200,0.0096,150198.625,3750,59.227623,-68.932831,"0","mof_rts_00013",0.217538051394513,2020-07-18 01:14:29,"time_drift",0.39110279083252,"A",21
"2446926",2020-07-17 23:14:30,182128,0.0096,150198.552632812,4375,59.415436,-68.932831,"0","mof_rts_00013",0.145170863397652,2020-07-18 01:14:30,"time_drift",0.391100883483887,"A",21
"2456528",2020-07-17 23:14:30,360848,0.0096,150198.3125,2500,54.758972,-67.811584,"2","mof_rts_00013",0.0949619486054871,2020-07-18 01:14:30,"time_drift",0.155169486999512,"A",21
"2446927",2020-07-17 23:14:30,185072,0.0096,150198.529414062,3750,59.354603,-68.932831,"0","mof_rts_00013",0.121952113404404,2020-07-18 01:14:30,"time_drift",0.38790225982666,"A",21
"2456529",2020-07-17 23:14:31,363792,0.0096,150198.522726562,2500,55.302094,-67.811584,"2","mof_rts_00013",0.115264613385079,2020-07-18 01:14:31,"time_drift",0.151972770690918,"A",21
"2446928",2020-07-17 23:14:31,188000,0.0096,150198.365382812,3750,59.162621,-68.932831,"0","mof_rts_00013",0.0420791366195772,2020-07-18 01:14:31,"time_drift",0.358582496643066,"A",21
"2460467",2020-07-17 23:14:31,331520,0.0096,150198.933820312,4375,53.051815,-67.684334,"3","mof_rts_00013",0.526358363393229,2020-07-18 01:14:31,"time_drift",0.0293178558349609,"A",21
"2456530",2020-07-17 23:14:31,366736,0.0096,150198.66071875,3125,56.986412,-67.811584,"2","mof_rts_00013",0.253256801399402,2020-07-18 01:14:31,"time_drift",0.151965141296387,"A",21
"2446929",2020-07-17 23:14:31,190944,0.0096,150198.229164062,4375,58.869473,-68.932831,"0","mof_rts_00013",0.178297886595828,2020-07-18 01:14:31,"time_drift",0.361786842346191,"A",21
"2460468",2020-07-17 23:14:32,334480,0.0096,150198.8068125,3125,52.521278,-67.698227,"3","mof_rts_00013",0.399350551393582,2020-07-18 01:14:32,"time_drift",0.0229148864746094,"A",21
"2456531",2020-07-17 23:14:32,369680,0.0096,150198.5576875,3125,54.573536,-67.811584,"2","mof_rts_00013",0.150225551391486,2020-07-18 01:14:32,"time_drift",0.151965141296387,"A",21
"2446930",2020-07-17 23:14:32,193888,0.0096,150198.645828125,4375,59.532959,-68.932831,"0","mof_rts_00013",0.23836617640336,2020-07-18 01:14:32,"time_drift",0.36818790435791,"A",21
"2460469",2020-07-17 23:14:32,337456,0.0096,150198.59375,2500,52.700226,-67.698227,"3","mof_rts_00013",0.186288051394513,2020-07-18 01:14:32,"time_drift",0.0133152008056641,"A",21
"2456532",2020-07-17 23:14:32,372624,0.0096,150198.541671875,2500,53.003223,-67.811584,"2","mof_rts_00013",0.134209926385665,2020-07-18 01:14:32,"time_drift",0.151968955993652,"A",21
"2446931",2020-07-17 23:14:32,196832,0.0096,150198.529414062,3750,58.218826,-68.932831,"0","mof_rts_00013",0.121952113404404,2020-07-18 01:14:32,"time_drift",0.37138843536377,"A",21
"2460470",2020-07-17 23:14:33,340416,0.0096,150198.854164062,3750,55.172684,-67.698227,"3","mof_rts_00013",0.446702113404172,2020-07-18 01:14:33,"time_drift",0.0101127624511719,"A",21
"2456533",2020-07-17 23:14:33,375568,0.0096,150198.522726562,2500,53.29512,-67.811584,"2","mof_rts_00013",0.115264613385079,2020-07-18 01:14:33,"time_drift",0.151968955993652,"A",21
"2446932",2020-07-17 23:14:33,199776,0.0096,150198.625,3750,58.333214,-68.932831,"0","mof_rts_00013",0.217538051394513,2020-07-18 01:14:33,"time_drift",0.378302574157715,"A",21
"2456534",2020-07-17 23:14:34,378512,0.0096,150198.4375,2500,55.165356,-67.811584,"2","mof_rts_00013",0.0300380513945129,2020-07-18 01:14:34,"time_drift",0.148772239685059,"A",21
"2446933",2020-07-17 23:14:34,202704,0.0096,150198.482148438,3750,57.728256,-68.932831,"0","mof_rts_00013",0.0746864893881138,2020-07-18 01:14:34,"time_drift",0.378300666809082,"A",21
"2456535",2020-07-17 23:14:34,381456,0.0096,150198.4375,2500,55.31076,-67.811584,"2","mof_rts_00013",0.0300380513945129,2020-07-18 01:14:34,"time_drift",0.148764610290527,"A",21
"2446934",2020-07-17 23:14:34,205648,0.0096,150198.345585938,3750,60.667587,-68.932831,"0","mof_rts_00013",0.0618760106153786,2020-07-18 01:14:34,"time_drift",0.378302574157715,"A",21
"2456536",2020-07-17 23:14:35,384400,0.0096,150198.5576875,3125,56.343636,-67.811584,"2","mof_rts_00013",0.150225551391486,2020-07-18 01:14:35,"time_drift",0.148764610290527,"A",21
"2446935",2020-07-17 23:14:35,208592,0.0096,150198.345585938,3750,58.458069,-68.932831,"0","mof_rts_00013",0.0618760106153786,2020-07-18 01:14:35,"time_drift",0.375103950500488,"A",21
"2460471",2020-07-17 23:14:35,352304,0.0096,150198.8068125,3125,54.520634,-67.698227,"3","mof_rts_00013",0.399350551393582,2020-07-18 01:14:35,"time_drift",0.043048620223999,"A",21
"2456537",2020-07-17 23:14:35,387344,0.0096,150198.5576875,3125,57.842617,-67.811584,"2","mof_rts_00013",0.150225551391486,2020-07-18 01:14:35,"time_drift",0.148768663406372,"A",21
"2446936",2020-07-17 23:14:35,211536,0.0096,150198.66071875,3125,55.872162,-68.932831,"0","mof_rts_00013",0.253256801399402,2020-07-18 01:14:35,"time_drift",0.375102043151855,"A",21
"2460472",2020-07-17 23:14:36,355280,0.0096,150198.6875,3125,53.475914,-67.698227,"3","mof_rts_00013",0.280038051394513,2020-07-18 01:14:36,"time_drift",0.0366401672363281,"A",21
"2456538",2020-07-17 23:14:36,390288,0.0096,150198.5576875,3125,57.149513,-67.811584,"2","mof_rts_00013",0.150225551391486,2020-07-18 01:14:36,"time_drift",0.148768424987793,"A",21
"2446937",2020-07-17 23:14:36,214480,0.0096,150198.541664062,3750,56.456627,-68.932831,"0","mof_rts_00013",0.134202113404172,2020-07-18 01:14:36,"time_drift",0.371903419494629,"A",21
"2456539",2020-07-17 23:14:36,393232,0.0096,150198.437507812,3750,57.104942,-67.811584,"2","mof_rts_00013",0.0300458633864764,2020-07-18 01:14:36,"time_drift",0.148772239685059,"A",21
"2446938",2020-07-17 23:14:37,217424,0.0096,150198.529414062,3750,58.761662,-68.932831,"0","mof_rts_00013",0.121952113404404,2020-07-18 01:14:37,"time_drift",0.371899604797363,"A",21
"2460473",2020-07-17 23:14:37,361232,0.0096,150198.867179688,3750,55.067261,-67.698227,"3","mof_rts_00013",0.459717739402549,2020-07-18 01:14:37,"time_drift",0.0238456726074219,"A",21
"2456540",2020-07-17 23:14:37,396176,0.0096,150198.522726562,2500,56.58189,-67.811584,"2","mof_rts_00013",0.115264613385079,2020-07-18 01:14:37,"time_drift",0.148764610290527,"A",21
"2446939",2020-07-17 23:14:37,220368,0.0096,150198.3035625,5625,59.67144,-68.932831,"0","mof_rts_00013",0.103899448615266,2020-07-18 01:14:37,"time_drift",0.36870288848877,"A",21
"2460474",2020-07-17 23:14:38,364208,0.0096,150198.84615625,3750,53.842812,-67.698227,"3","mof_rts_00013",0.438694301381474,2020-07-18 01:14:38,"time_drift",0.0174446105957031,"A",21
"2456541",2020-07-17 23:14:38,399120,0.0096,150198.4375,2500,56.459972,-67.811584,"2","mof_rts_00013",0.0300380513945129,2020-07-18 01:14:38,"time_drift",0.148764610290527,"A",21
"2446940",2020-07-17 23:14:38,223312,0.0096,150198.4375,5000,60.672501,-68.932831,"0","mof_rts_00013",0.0300380513945129,2020-07-18 01:14:38,"time_drift",0.36870288848877,"A",21
"2456542",2020-07-17 23:14:38,402064,0.0096,150198.5576875,3125,57.005322,-67.811584,"2","mof_rts_00013",0.150225551391486,2020-07-18 01:14:38,"time_drift",0.148768424987793,"A",21
"2446941",2020-07-17 23:14:38,226256,0.0096,150198.3035625,5625,60.779984,-68.932831,"0","mof_rts_00013",0.103899448615266,2020-07-18 01:14:38,"time_drift",0.36550235748291,"A",21
"2460475",2020-07-17 23:14:39,370160,0.0096,150199.27884375,4375,53.751511,-67.698227,"3","mof_rts_00013",0.871381801407551,2020-07-18 01:14:39,"time_drift",0.00784659385681152,"A",21
"2456543",2020-07-17 23:14:39,405008,0.0096,150198.66071875,3125,57.075611,-67.811584,"2","mof_rts_00013",0.253256801399402,2020-07-18 01:14:39,"time_drift",0.148768663406372,"A",21
"2446942",2020-07-17 23:14:39,229200,0.0096,150198.4375,3750,60.871346,-68.932831,"0","mof_rts_00013",0.0300380513945129,2020-07-18 01:14:39,"time_drift",0.36550235748291,"A",21
"2460476",2020-07-17 23:14:39,373152,0.0096,150198.6875,3125,52.366631,-67.698227,"3","mof_rts_00013",0.280038051394513,2020-07-18 01:14:39,"time_drift",0.143813133239746,"A",21
"2446943",2020-07-17 23:14:40,232144,0.0096,150198.3035625,5625,60.977795,-68.932831,"0","mof_rts_00013",0.103899448615266,2020-07-18 01:14:40,"time_drift",0.36550235748291,"A",21
"2456544",2020-07-17 23:14:40,410912,0.0096,150198.4375,2500,56.683697,-67.811584,"2","mof_rts_00013",0.0300380513945129,2020-07-18 01:14:40,"time_drift",0.145567893981934,"A",21
"2446944",2020-07-17 23:14:40,235088,0.0096,150198.1875,5000,60.442635,-68.932831,"0","mof_rts_00013",0.219961948605487,2020-07-18 01:14:40,"time_drift",0.362301826477051,"A",21
"2456545",2020-07-17 23:14:41,413856,0.0096,150198.5576875,3125,55.725674,-67.811584,"2","mof_rts_00013",0.150225551391486,2020-07-18 01:14:41,"time_drift",0.145567893981934,"A",21
"2446945",2020-07-17 23:14:41,238032,0.0096,150198.552632812,4375,60.148602,-68.932831,"0","mof_rts_00013",0.145170863397652,2020-07-18 01:14:41,"time_drift",0.362301826477051,"A",21
"2460477",2020-07-17 23:14:41,382096,0.0096,150198.645828125,3125,51.741592,-67.698227,"3","mof_rts_00013",0.23836617640336,2020-07-18 01:14:41,"time_drift",0.0767974853515625,"A",21
"2460478",2020-07-17 23:14:41,382496,0.0096,150199.09090625,3125,48.703865,-67.684334,"3","mof_rts_00013",0.683444301394047,2020-07-18 01:14:41,"time_drift",0.0446157455444336,"A",21
"2446946",2020-07-17 23:14:41,240976,0.0096,150198.3035625,5625,60.224319,-68.932831,"0","mof_rts_00013",0.103899448615266,2020-07-18 01:14:41,"time_drift",0.362301826477051,"A",21
"2456546",2020-07-17 23:14:42,419760,0.0096,150198.5576875,3125,56.511787,-67.811584,"2","mof_rts_00013",0.150225551391486,2020-07-18 01:14:42,"time_drift",0.142367362976074,"A",21
"2446947",2020-07-17 23:14:42,243920,0.0096,150198.020828125,5000,60.833458,-68.932831,"0","mof_rts_00013",0.38663382359664,2020-07-18 01:14:42,"time_drift",0.362301826477051,"A",21
"2460479",2020-07-17 23:14:42,387648,0.0128,150198.897054688,4375,49.262821,-67.698227,"3","mof_rts_00013",0.489592739380896,2020-07-18 01:14:42,"time_drift",0.0278127193450928,"A",21
"2460480",2020-07-17 23:14:42,388064,0.0096,150198.8194375,2500,51.447659,-67.698227,"3","mof_rts_00013",0.411975551396608,2020-07-18 01:14:42,"time_drift",0.108614921569824,"A",21
"2446948",2020-07-17 23:14:43,246880,0.0096,150198.645828125,4375,60.067062,-68.932831,"0","mof_rts_00013",0.23836617640336,2020-07-18 01:14:43,"time_drift",0.355904579162598,"A",21
"2456547",2020-07-17 23:14:43,425664,0.0096,150198.4375,2500,56.112869,-67.811584,"2","mof_rts_00013",0.0300380513945129,2020-07-18 01:14:43,"time_drift",0.142367362976074,"A",21
"2446949",2020-07-17 23:14:43,249824,0.0096,150198.4375,5000,60.703342,-68.932831,"0","mof_rts_00013",0.0300380513945129,2020-07-18 01:14:43,"time_drift",0.355900764465332,"A",21
"2456548",2020-07-17 23:14:44,428624,0.0096,150198.645828125,3125,56.450726,-67.811584,"2","mof_rts_00013",0.23836617640336,2020-07-18 01:14:44,"time_drift",0.049755334854126,"A",21
"2460481",2020-07-17 23:14:44,394064,0.0096,150199.2410625,3750,54.696888,-67.698227,"3","mof_rts_00013",0.833600551384734,2020-07-18 01:14:44,"time_drift",0.0894155502319336,"A",21
"2446950",2020-07-17 23:14:44,252768,0.0096,150198.345585938,3750,60.37981,-68.932831,"0","mof_rts_00013",0.0618760106153786,2020-07-18 01:14:44,"time_drift",0.355900764465332,"A",21
"2456549",2020-07-17 23:14:44,431568,0.0096,150198.5576875,3125,56.291115,-67.811584,"2","mof_rts_00013",0.150225551391486,2020-07-18 01:14:44,"time_drift",0.0561485290527344,"A",21
"2460482",2020-07-17 23:14:44,397024,0.0096,150198.541664062,3750,55.143517,-67.698227,"3","mof_rts_00013",0.134202113404172,2020-07-18 01:14:44,"time_drift",0.0862150192260742,"A",21
"2446951",2020-07-17 23:14:44,255728,0.0096,150198.519734375,5000,60.567463,-68.932831,"0","mof_rts_00013",0.112272426398704,2020-07-18 01:14:44,"time_drift",0.352704048156738,"A",21
"2456550",2020-07-17 23:14:45,434528,0.0096,150198.4375,2500,55.515442,-67.811584,"2","mof_rts_00013",0.0300380513945129,2020-07-18 01:14:45,"time_drift",0.0625572204589844,"A",21
"2460483",2020-07-17 23:14:45,400032,0.0096,150198.942304688,3750,55.585815,-67.698227,"3","mof_rts_00013",0.534842739405576,2020-07-18 01:14:45,"time_drift",0.0766134262084961,"A",21
"2446952",2020-07-17 23:14:45,258672,0.0096,150198.552632812,4375,60.512333,-68.932831,"0","mof_rts_00013",0.145170863397652,2020-07-18 01:14:45,"time_drift",0.352700233459473,"A",21
"2456551",2020-07-17 23:14:45,437488,0.0096,150198.645828125,3125,56.005371,-67.811584,"2","mof_rts_00013",0.23836617640336,2020-07-18 01:14:45,"time_drift",0.0657539367675781,"A",21
"2460484",2020-07-17 23:14:45,402992,0.0096,150198.791664062,3750,58.440094,-67.698227,"3","mof_rts_00013",0.384202113404172,2020-07-18 01:14:45,"time_drift",0.0734128952026367,"A",21
"2446953",2020-07-17 23:14:45,261632,0.0096,150198.645828125,4375,60.765465,-68.932831,"0","mof_rts_00013",0.23836617640336,2020-07-18 01:14:45,"time_drift",0.349499702453613,"A",21
"2456552",2020-07-17 23:14:46,440432,0.0096,150198.46590625,3125,56.590408,-67.811584,"2","mof_rts_00013",0.0584443013940472,2020-07-18 01:14:46,"time_drift",0.0753517150878906,"A",21
"2460485",2020-07-17 23:14:46,405984,0.0096,150198.819445312,4375,60.419064,-67.698227,"3","mof_rts_00013",0.411983363388572,2020-07-18 01:14:46,"time_drift",0.0638151168823242,"A",21
"2446954",2020-07-17 23:14:46,264576,0.0096,150198.552632812,4375,60.017166,-68.932831,"0","mof_rts_00013",0.145170863397652,2020-07-18 01:14:46,"time_drift",0.349503517150879,"A",21
"2456553",2020-07-17 23:14:47,443392,0.0096,150198.5576875,3125,56.688538,-67.811584,"2","mof_rts_00013",0.150225551391486,2020-07-18 01:14:47,"time_drift",0.139166831970215,"A",21
"2446955",2020-07-17 23:14:47,267536,0.0096,150198.552632812,4375,60.074463,-68.932831,"0","mof_rts_00013",0.145170863397652,2020-07-18 01:14:47,"time_drift",0.346299171447754,"A",21
"2456554",2020-07-17 23:14:47,446352,0.0096,150198.4375,2500,56.570175,-67.811584,"2","mof_rts_00013",0.0300380513945129,2020-07-18 01:14:47,"time_drift",0.0817604064941406,"A",21
"2460486",2020-07-17 23:14:47,411936,0.0096,150198.541664062,3750,58.002136,-67.698227,"3","mof_rts_00013",0.134202113404172,2020-07-18 01:14:47,"time_drift",0.0542097091674805,"A",21
"2446956",2020-07-17 23:14:47,270496,0.0096,150198.157890625,5000,60.195755,-68.932831,"0","mof_rts_00013",0.249571323598502,2020-07-18 01:14:47,"time_drift",0.34630298614502,"A",21
"2456555",2020-07-17 23:14:48,449312,0.0096,150198.4375,2500,56.287014,-67.811584,"2","mof_rts_00013",0.0300380513945129,2020-07-18 01:14:48,"time_drift",0.0817527770996094,"A",21
"2460487",2020-07-17 23:14:48,414912,0.0128,150198.593742188,4375,57.907425,-67.684334,"3","mof_rts_00013",0.186280239402549,2020-07-18 01:14:48,"time_drift",0.0542135238647461,"A",21
"2446957",2020-07-17 23:14:48,273440,0.0096,150198.4375,5000,60.20277,-68.932831,"0","mof_rts_00013",0.0300380513945129,2020-07-18 01:14:48,"time_drift",0.34310245513916,"A",21
"2456556",2020-07-17 23:14:48,452272,0.0096,150198.317304688,3125,55.899052,-67.811584,"2","mof_rts_00013",0.0901572605944239,2020-07-18 01:14:48,"time_drift",0.0913505554199219,"A",21
"2460488",2020-07-17 23:14:48,417904,0.0096,150199.0625,3750,57.354103,-67.698227,"3","mof_rts_00013",0.655038051394513,2020-07-18 01:14:48,"time_drift",0.044611930847168,"A",21
"2446958",2020-07-17 23:14:48,276400,0.0096,150198.322367188,4375,60.251427,-68.932831,"0","mof_rts_00013",0.0850947606086265,2020-07-18 01:14:48,"time_drift",0.339901924133301,"A",21
"2456557",2020-07-17 23:14:49,455232,0.0096,150198.269234375,3125,56.572426,-67.811584,"2","mof_rts_00013",0.138227573595941,2020-07-18 01:14:49,"time_drift",0.0945549011230469,"A",21
"2460489",2020-07-17 23:14:49,420880,0.0096,150198.6328125,3750,56.764275,-67.698227,"3","mof_rts_00013",0.225350551394513,2020-07-18 01:14:49,"time_drift",0.0414152145385742,"A",21
"2446959",2020-07-17 23:14:49,279360,0.0096,150198.529414062,3750,60.796192,-68.932831,"0","mof_rts_00013",0.121952113404404,2020-07-18 01:14:49,"time_drift",0.336701393127441,"A",21
"2456558",2020-07-17 23:14:49,458192,0.0096,150198.522726562,2500,56.293167,-67.811584,"2","mof_rts_00013",0.115264613385079,2020-07-18 01:14:49,"time_drift",0.132766008377075,"A",21
"2446960",2020-07-17 23:14:50,282304,0.0096,150198.21875,5625,60.808475,-68.932831,"0","mof_rts_00013",0.188711948605487,2020-07-18 01:14:50,"time_drift",0.336701393127441,"A",21
"2456559",2020-07-17 23:14:50,461152,0.0096,150198.4375,2500,56.263882,-67.811584,"2","mof_rts_00013",0.0300380513945129,2020-07-18 01:14:50,"time_drift",0.104160308837891,"A",21
"2460490",2020-07-17 23:14:50,426864,0.0128,150198.977265625,5000,58.034,-67.698227,"3","mof_rts_00013",0.569803676393349,2020-07-18 01:14:50,"time_drift",0.0286092758178711,"A",21
"2446961",2020-07-17 23:14:50,285264,0.0096,150198.552632812,4375,60.19165,-68.932831,"0","mof_rts_00013",0.145170863397652,2020-07-18 01:14:50,"time_drift",0.333504676818848,"A",21
"2456560",2020-07-17 23:14:51,464112,0.0096,150198.4375,2500,56.034035,-67.811584,"2","mof_rts_00013",0.0300380513945129,2020-07-18 01:14:51,"time_drift",0.107357025146484,"A",21
"2460491",2020-07-17 23:14:51,429824,0.0096,150198.566171875,4375,57.873882,-67.698227,"3","mof_rts_00013",0.1587099263852,2020-07-18 01:14:51,"time_drift",0.0254087448120117,"A",21
"2446962",2020-07-17 23:14:51,288224,0.0096,150198.3035625,5625,60.074471,-68.932831,"0","mof_rts_00013",0.103899448615266,2020-07-18 01:14:51,"time_drift",0.238100290298462,"A",21
"2456561",2020-07-17 23:14:51,467072,0.0096,150198.317304688,3125,56.014606,-67.811584,"2","mof_rts_00013",0.0901572605944239,2020-07-18 01:14:51,"time_drift",0.113750457763672,"A",21
"2460492",2020-07-17 23:14:51,432816,0.0096,150198.83928125,3125,57.69334,-67.698227,"3","mof_rts_00013",0.431819301389623,2020-07-18 01:14:51,"time_drift",0.0190153121948242,"A",21
"2446963",2020-07-17 23:14:51,291184,0.0096,150198.552632812,4375,60.484112,-68.932831,"0","mof_rts_00013",0.145170863397652,2020-07-18 01:14:51,"time_drift",0.327099800109863,"A",21
"2456562",2020-07-17 23:14:52,470032,0.0096,150198.66071875,3125,56.604679,-67.811584,"2","mof_rts_00013",0.253256801399402,2020-07-18 01:14:52,"time_drift",0.116954803466797,"A",21
"2460493",2020-07-17 23:14:52,435792,0.0096,150198.798078125,3750,55.307774,-67.698227,"3","mof_rts_00013",0.390616176387994,2020-07-18 01:14:52,"time_drift",0.0158147811889648,"A",21
"2446964",2020-07-17 23:14:52,294144,0.0096,150198.552632812,4375,60.394299,-68.932831,"0","mof_rts_00013",0.145170863397652,2020-07-18 01:14:52,"time_drift",0.327103614807129,"A",21
"2460494",2020-07-17 23:14:53,438768,0.0096,150198.66071875,3125,56.405659,-67.698227,"3","mof_rts_00013",0.253256801399402,2020-07-18 01:14:53,"time_drift",0.0126142501831055,"A",21
"2446965",2020-07-17 23:14:53,297104,0.0096,150198.645828125,4375,60.17617,-68.932831,"0","mof_rts_00013",0.23836617640336,2020-07-18 01:14:53,"time_drift",0.32390308380127,"A",21
"2456563",2020-07-17 23:14:53,475968,0.0096,150198.522726562,2500,56.130844,-67.811584,"2","mof_rts_00013",0.115264613385079,2020-07-18 01:14:53,"time_drift",0.129565238952637,"A",21
"2446966",2020-07-17 23:14:53,300064,0.0096,150198.552632812,4375,60.20816,-68.932831,"0","mof_rts_00013",0.145170863397652,2020-07-18 01:14:53,"time_drift",0.32070255279541,"A",21
"2456564",2020-07-17 23:14:54,478928,0.0096,150198.4375,2500,55.759335,-67.811584,"2","mof_rts_00013",0.0300380513945129,2020-07-18 01:14:54,"time_drift",0.123348474502563,"A",21
"2460495",2020-07-17 23:14:54,444736,0.0128,150199.117648438,3750,56.369186,-67.698227,"3","mof_rts_00013",0.710186489392072,2020-07-18 01:14:54,"time_drift",0.00621700286865234,"A",21
"2446967",2020-07-17 23:14:54,303024,0.0096,150198.4375,3750,60.242859,-68.932831,"0","mof_rts_00013",0.0300380513945129,2020-07-18 01:14:54,"time_drift",0.32070255279541,"A",21
"2446968",2020-07-17 23:14:54,305984,0.0096,150198.552632812,4375,60.415459,-68.932831,"0","mof_rts_00013",0.145170863397652,2020-07-18 01:14:54,"time_drift",0.000187873840332031,"A",21
"2460496",2020-07-17 23:14:54,447728,0.0096,150198.867179688,3750,56.534286,-67.698227,"3","mof_rts_00013",0.459717739402549,2020-07-18 01:14:54,"time_drift",0.317314147949219,"A",21
"2456565",2020-07-17 23:14:55,484864,0.0096,150198.4375,2500,56.211178,-67.811584,"2","mof_rts_00013",0.0300380513945129,2020-07-18 01:14:55,"time_drift",0.126368761062622,"A",21
"2446969",2020-07-17 23:14:55,308944,0.0096,150198.125,4375,60.168468,-68.932831,"0","mof_rts_00013",0.282461948605487,2020-07-18 01:14:55,"time_drift",0.317502021789551,"A",21
"2456566",2020-07-17 23:14:55,487824,0.0096,150198.4375,2500,56.183647,-67.811584,"2","mof_rts_00013",0.0300380513945129,2020-07-18 01:14:55,"time_drift",0.129565477371216,"A",21
"2446970",2020-07-17 23:14:56,311920,0.0096,150198.645828125,4375,60.251484,-68.932831,"0","mof_rts_00013",0.23836617640336,2020-07-18 01:14:56,"time_drift",0.00658512115478516,"A",21
"2460497",2020-07-17 23:14:56,453680,0.0096,150198.579539062,3125,55.502991,-67.698227,"3","mof_rts_00013",0.172077113384148,2020-07-18 01:14:56,"time_drift",0.304519653320312,"A",21
"2456567",2020-07-17 23:14:56,490800,0.0096,150198.317304688,3125,56.01186,-67.811584,"2","mof_rts_00013",0.0901572605944239,2020-07-18 01:14:56,"time_drift",0.126368522644043,"A",21
"2446971",2020-07-17 23:14:56,314880,0.0096,150198.322367188,4375,60.093319,-68.932831,"0","mof_rts_00013",0.0850947606086265,2020-07-18 01:14:56,"time_drift",0.00658512115478516,"A",21
"2460498",2020-07-17 23:14:56,456688,0.016,150198.346773438,7500,56.043056,-67.698227,"3","mof_rts_00013",0.0606885105953552,2020-07-18 01:14:56,"time_drift",0.304515838623047,"A",21
"2446972",2020-07-17 23:14:57,317840,0.0096,150198.092101562,5000,59.884239,-68.932831,"0","mof_rts_00013",0.315360386593966,2020-07-18 01:14:57,"time_drift",0.0129899978637695,"A",21
"2460499",2020-07-17 23:14:57,459632,0.0096,150199.04165625,3750,55.173004,-67.698227,"3","mof_rts_00013",0.634194301383104,2020-07-18 01:14:57,"time_drift",0.294910430908203,"A",21
"2456568",2020-07-17 23:14:57,496736,0.0096,150198.317304688,3125,55.235794,-67.811584,"2","mof_rts_00013",0.0901572605944239,2020-07-18 01:14:57,"time_drift",0.126360893249512,"A",21
"2446973",2020-07-17 23:14:57,320816,0.0096,150198.529414062,3750,59.771645,-68.932831,"0","mof_rts_00013",0.121952113404404,2020-07-18 01:14:57,"time_drift",0.0129938125610352,"A",21
"2460500",2020-07-17 23:14:57,462608,0.0096,150198.489585938,3125,55.802319,-67.698227,"3","mof_rts_00013",0.0821239893848542,2020-07-18 01:14:57,"time_drift",0.291709899902344,"A",21
"2456569",2020-07-17 23:14:58,499712,0.0096,150198.509609375,3750,55.895626,-67.811584,"2","mof_rts_00013",0.102147426398005,2020-07-18 01:14:58,"time_drift",0.123164176940918,"A",21
"2446974",2020-07-17 23:14:58,323776,0.0096,150198.4375,5000,60.249771,-68.932831,"0","mof_rts_00013",0.0300380513945129,2020-07-18 01:14:58,"time_drift",0.0193872451782227,"A",21
"2460501",2020-07-17 23:14:58,465600,0.0096,150199.134609375,3750,55.663361,-67.698227,"3","mof_rts_00013",0.727147426398005,2020-07-18 01:14:58,"time_drift",0.285316467285156,"A",21
"2446975",2020-07-17 23:14:58,326736,0.0096,150198.020828125,5000,59.863461,-68.932831,"0","mof_rts_00013",0.38663382359664,2020-07-18 01:14:58,"time_drift",0.0225839614868164,"A",21
"2460502",2020-07-17 23:14:59,468576,0.0096,150199.01040625,3750,56.000877,-67.698227,"3","mof_rts_00013",0.602944301383104,2020-07-18 01:14:59,"time_drift",0.278915405273438,"A",21
"2446976",2020-07-17 23:14:59,329712,0.0096,150198.552632812,4375,60.307167,-68.932831,"0","mof_rts_00013",0.145170863397652,2020-07-18 01:14:59,"time_drift",0.298298835754395,"A",21
"2446977",2020-07-17 23:15:00,332688,0.0096,150198.645828125,4375,60.28355,-68.932831,"0","mof_rts_00013",0.23836617640336,2020-07-18 01:15:00,"time_drift",0.295102119445801,"A",21
"2446978",2020-07-17 23:15:00,335648,0.0096,150198.4375,5000,59.906975,-68.932831,"0","mof_rts_00013",0.0300380513945129,2020-07-18 01:15:00,"time_drift",0.295105934143066,"A",21
"2446979",2020-07-17 23:15:01,338624,0.0096,150198.552632812,4375,60.345493,-68.932831,"0","mof_rts_00013",0.145170863397652,2020-07-18 01:15:01,"time_drift",0.0225915908813477,"A",21
"2460503",2020-07-17 23:15:01,480464,0.0096,150198.75,1875,51.374969,-67.698227,"3","mof_rts_00013",0.342538051394513,2020-07-18 01:15:01,"time_drift",0.269313812255859,"A",21
"2446980",2020-07-17 23:15:01,341600,0.0096,150198.713234375,4375,60.699329,-68.932831,"0","mof_rts_00013",0.30577242639265,2020-07-18 01:15:01,"time_drift",0.0225839614868164,"A",21
"2460504",2020-07-17 23:15:01,483440,0.0096,150198.958320312,3750,56.834316,-67.698227,"3","mof_rts_00013",0.550858363392763,2020-07-18 01:15:01,"time_drift",0.26611328125,"A",21
"2446981",2020-07-17 23:15:02,344560,0.0096,150198.229164062,4375,60.293655,-68.932831,"0","mof_rts_00013",0.178297886595828,2020-07-18 01:15:02,"time_drift",0.288704872131348,"A",21
"2446982",2020-07-17 23:15:03,347536,0.0096,150198.3035625,5625,60.34993,-68.932831,"0","mof_rts_00013",0.103899448615266,2020-07-18 01:15:03,"time_drift",0.186899423599243,"A",21
"2446983",2020-07-17 23:15:03,350512,0.0096,150198.322367188,4375,60.429581,-68.932831,"0","mof_rts_00013",0.0850947606086265,2020-07-18 01:15:03,"time_drift",0.0193872451782227,"A",21
"2460505",2020-07-17 23:15:03,492336,0.0096,150198.552632812,4375,62.251873,-67.698227,"3","mof_rts_00013",0.145170863397652,2020-07-18 01:15:03,"time_drift",0.262916564941406,"A",21
"2446984",2020-07-17 23:15:04,353488,0.0096,150198.4375,5000,59.946838,-68.932831,"0","mof_rts_00013",0.0300380513945129,2020-07-18 01:15:04,"time_drift",0.27910327911377,"A",21
"2446985",2020-07-17 23:15:04,356464,0.0096,150198.4375,5000,60.252842,-68.932831,"0","mof_rts_00013",0.0300380513945129,2020-07-18 01:15:04,"time_drift",0.0161905288696289,"A",21
"2460506",2020-07-17 23:15:04,498272,0.0096,150198.645828125,4375,59.963509,-67.684334,"3","mof_rts_00013",0.23836617640336,2020-07-18 01:15:04,"time_drift",0.172798156738281,"A",21
"2460507",2020-07-17 23:15:05,499232,0.0192,150198.541664062,8124.999512,49.58189,-67.698227,"3","mof_rts_00013",0.134202113404172,2020-07-18 01:15:05,"time_drift",0.0869178771972656,"A",21
"2446986",2020-07-17 23:15:05,359440,0.0096,150198.1875,5000,60.134277,-68.932831,"0","mof_rts_00013",0.219961948605487,2020-07-18 01:15:05,"time_drift",0.275906562805176,"A",21
"2446987",2020-07-17 23:15:06,362416,0.0096,150198.3035625,5625,59.938354,-68.932831,"0","mof_rts_00013",0.103899448615266,2020-07-18 01:15:06,"time_drift",0.272706031799316,"A",21
"2446988",2020-07-17 23:15:06,365392,0.0096,150198.345585938,3750,60.243092,-68.932831,"0","mof_rts_00013",0.0618760106153786,2020-07-18 01:15:06,"time_drift",0.170894861221313,"A",21
"2446989",2020-07-17 23:15:07,368384,0.0096,150198.529414062,3750,58.87413,-68.932831,"0","mof_rts_00013",0.121952113404404,2020-07-18 01:15:07,"time_drift",0.266301155090332,"A",21
"2446990",2020-07-17 23:15:07,371360,0.0096,150198.645828125,4375,58.886204,-68.932831,"0","mof_rts_00013",0.23836617640336,2020-07-18 01:15:07,"time_drift",0.263100624084473,"A",21
"2446991",2020-07-17 23:15:08,374336,0.0096,150198.47221875,4375,58.904903,-68.932831,"0","mof_rts_00013",0.0647568013810087,2020-07-18 01:15:08,"time_drift",0.259903907775879,"A",21
"2446992",2020-07-17 23:15:09,377328,0.0096,150198.40278125,4375,59.407116,-68.932831,"0","mof_rts_00013",0.00468069859198295,2020-07-18 01:15:09,"time_drift",0.256695747375488,"A",21
"2446993",2020-07-17 23:15:09,380304,0.0096,150198.345585938,3750,60.017723,-68.932831,"0","mof_rts_00013",0.0618760106153786,2020-07-18 01:15:09,"time_drift",0.253499031066895,"A",21
"2446994",2020-07-17 23:15:10,383296,0.0096,150198.645828125,4375,59.870827,-68.932831,"0","mof_rts_00013",0.23836617640336,2020-07-18 01:15:10,"time_drift",0.250302314758301,"A",21
"2446995",2020-07-17 23:15:10,386288,0.0096,150198.645828125,4375,61.154541,-68.932831,"0","mof_rts_00013",0.23836617640336,2020-07-18 01:15:10,"time_drift",0.247097969055176,"A",21
"2446996",2020-07-17 23:15:11,389264,0.0096,150198.4375,5000,60.954067,-68.932831,"0","mof_rts_00013",0.0300380513945129,2020-07-18 01:15:11,"time_drift",0.243901252746582,"A",21
"2446997",2020-07-17 23:15:12,392256,0.0096,150198.3035625,5625,61.823906,-68.932831,"0","mof_rts_00013",0.103899448615266,2020-07-18 01:15:12,"time_drift",0.240704536437988,"A",21
"2446998",2020-07-17 23:15:12,395248,0.0128,150198.315210938,5625,62.330929,-68.932831,"0","mof_rts_00013",0.0922510106174741,2020-07-18 01:15:12,"time_drift",0.240704536437988,"A",21
"2446999",2020-07-17 23:15:13,398224,0.0096,150198.260867188,6250,65.053421,-68.932831,"0","mof_rts_00013",0.146594760619337,2020-07-18 01:15:13,"time_drift",0.237500190734863,"A",21
"2447000",2020-07-17 23:15:13,401216,0.0128,150198.151039062,6250,66.026558,-68.932831,"0","mof_rts_00013",0.256422886595828,2020-07-18 01:15:13,"time_drift",0.237500190734863,"A",21
"2447001",2020-07-17 23:15:14,404192,0.0096,150198.260867188,6250,64.911896,-68.932831,"0","mof_rts_00013",0.146594760619337,2020-07-18 01:15:14,"time_drift",0.23430347442627,"A",21
"2456570",2020-07-17 23:15:14,5648,0.0096,150198.4375,2500,55.779762,-67.811584,"2","mof_rts_00013",0.0300380513945129,2020-07-18 01:15:14,"time_drift",0.143209934234619,"A",21
"2447002",2020-07-17 23:15:15,407168,0.0096,150198.409085938,5625,63.778786,-68.932831,"0","mof_rts_00013",0.001623989403015,2020-07-18 01:15:15,"time_drift",0.23430347442627,"A",21
"2456571",2020-07-17 23:15:15,8624,0.0096,150198.4375,2500,55.404022,-67.811584,"2","mof_rts_00013",0.0300380513945129,2020-07-18 01:15:15,"time_drift",0.143209457397461,"A",21
"2447003",2020-07-17 23:15:15,410144,0.0096,150198.15340625,6250,63.503754,-68.932831,"0","mof_rts_00013",0.254055698605953,2020-07-18 01:15:15,"time_drift",0.23430347442627,"A",21
"2456572",2020-07-17 23:15:16,11600,0.0096,150198.4375,2500,55.554943,-67.811584,"2","mof_rts_00013",0.0300380513945129,2020-07-18 01:15:16,"time_drift",0.143208980560303,"A",21
"2447004",2020-07-17 23:15:16,413136,0.0128,150198.3695625,5625,63.62117,-68.932831,"0","mof_rts_00013",0.0378994485945441,2020-07-18 01:15:16,"time_drift",0.23430347442627,"A",21
"2456573",2020-07-17 23:15:16,14576,0.0096,150198.645828125,3125,56.024899,-67.811584,"2","mof_rts_00013",0.23836617640336,2020-07-18 01:15:16,"time_drift",0.146413087844849,"A",21
"2447005",2020-07-17 23:15:16,416112,0.0096,150198.3035625,5625,63.320827,-68.932831,"0","mof_rts_00013",0.103899448615266,2020-07-18 01:15:16,"time_drift",0.23430347442627,"A",21
"2456574",2020-07-17 23:15:17,17552,0.0096,150198.4375,2500,56.240723,-67.811584,"2","mof_rts_00013",0.0300380513945129,2020-07-18 01:15:17,"time_drift",0.14641261100769,"A",21
"2447006",2020-07-17 23:15:17,419088,0.0096,150198.15340625,6250,63.419552,-68.932831,"0","mof_rts_00013",0.254055698605953,2020-07-18 01:15:17,"time_drift",0.23430347442627,"A",21
"2456575",2020-07-17 23:15:17,20528,0.0096,150198.4375,2500,55.585617,-67.811584,"2","mof_rts_00013",0.0300380513945129,2020-07-18 01:15:17,"time_drift",0.149609088897705,"A",21
"2447007",2020-07-17 23:15:18,422080,0.0096,150198.75,4375,63.764801,-68.932831,"0","mof_rts_00013",0.342538051394513,2020-07-18 01:15:18,"time_drift",0.231106758117676,"A",21
"2456576",2020-07-17 23:15:18,23504,0.0096,150198.5576875,3125,56.416592,-67.811584,"2","mof_rts_00013",0.150225551391486,2020-07-18 01:15:18,"time_drift",0.149608612060547,"A",21
"2447008",2020-07-17 23:15:18,425056,0.0096,150198.409085938,5625,63.480991,-68.932831,"0","mof_rts_00013",0.001623989403015,2020-07-18 01:15:18,"time_drift",0.23430347442627,"A",21
"2456577",2020-07-17 23:15:19,26480,0.0096,150198.5576875,3125,56.210289,-67.811584,"2","mof_rts_00013",0.150225551391486,2020-07-18 01:15:19,"time_drift",0.149608135223389,"A",21
"2447009",2020-07-17 23:15:19,428032,0.0096,150198.070648438,6250,63.293144,-68.932831,"0","mof_rts_00013",0.336813510599313,2020-07-18 01:15:19,"time_drift",0.23430347442627,"A",21
"2447010",2020-07-17 23:15:19,431024,0.0096,150198.3035625,5625,62.237846,-68.932831,"0","mof_rts_00013",0.103899448615266,2020-07-18 01:15:19,"time_drift",0.23430347442627,"A",21
"2456578",2020-07-17 23:15:20,32448,0.0096,150198.522726562,2500,54.334164,-67.811584,"2","mof_rts_00013",0.115264613385079,2020-07-18 01:15:20,"time_drift",0.149611473083496,"A",21
"2447011",2020-07-17 23:15:20,434000,0.0096,150198.3035625,5625,61.921696,-68.932831,"0","mof_rts_00013",0.103899448615266,2020-07-18 01:15:20,"time_drift",0.23430347442627,"A",21
"2456579",2020-07-17 23:15:20,35424,0.0096,150198.4375,2500,53.882828,-67.811584,"2","mof_rts_00013",0.0300380513945129,2020-07-18 01:15:20,"time_drift",0.149611473083496,"A",21
"2447012",2020-07-17 23:15:21,436976,0.0096,150198.06546875,6250,62.80661,-68.932831,"0","mof_rts_00013",0.341993198613636,2020-07-18 01:15:21,"time_drift",0.129299402236938,"A",21
"2447013",2020-07-17 23:15:21,439968,0.0096,150198.375,5625,62.282406,-68.932831,"0","mof_rts_00013",0.0324619486054871,2020-07-18 01:15:21,"time_drift",0.236939430236816,"A",21
"2456580",2020-07-17 23:15:22,41392,0.0096,150198.5576875,3125,56.443569,-67.811584,"2","mof_rts_00013",0.150225551391486,2020-07-18 01:15:22,"time_drift",0.149614810943604,"A",21
"2447014",2020-07-17 23:15:22,442944,0.0096,150198.3035625,5625,61.591286,-68.932831,"0","mof_rts_00013",0.103899448615266,2020-07-18 01:15:22,"time_drift",0.237500190734863,"A",21
"2456581",2020-07-17 23:15:22,44384,0.0096,150198.522726562,2500,55.233837,-67.811584,"2","mof_rts_00013",0.115264613385079,2020-07-18 01:15:22,"time_drift",0.146414279937744,"A",21
"2447015",2020-07-17 23:15:22,445920,0.0096,150198.21875,5625,60.38018,-68.932831,"0","mof_rts_00013",0.188711948605487,2020-07-18 01:15:22,"time_drift",0.240696907043457,"A",21
"2456582",2020-07-17 23:15:23,47360,0.0096,150198.489585938,3125,56.861168,-67.811584,"2","mof_rts_00013",0.0821239893848542,2020-07-18 01:15:23,"time_drift",0.146414279937744,"A",21
"2447016",2020-07-17 23:15:23,448912,0.0096,150198.21428125,6250,61.420082,-68.932831,"0","mof_rts_00013",0.193180698610377,2020-07-18 01:15:23,"time_drift",0.240696907043457,"A",21
"2456583",2020-07-17 23:15:23,50352,0.0096,150198.66071875,3125,57.216621,-67.811584,"2","mof_rts_00013",0.253256801399402,2020-07-18 01:15:23,"time_drift",0.146410465240479,"A",21
"2447017",2020-07-17 23:15:24,451888,0.0096,150198.4375,5000,61.539974,-68.932831,"0","mof_rts_00013",0.0300380513945129,2020-07-18 01:15:24,"time_drift",0.240704536437988,"A",21
"2456584",2020-07-17 23:15:24,53344,0.0096,150198.802078125,3125,57.487175,-67.811584,"2","mof_rts_00013",0.39461617640336,2020-07-18 01:15:24,"time_drift",0.143209934234619,"A",21
"2447018",2020-07-17 23:15:24,454864,0.0096,150198.4375,5000,59.977795,-68.932831,"0","mof_rts_00013",0.0300380513945129,2020-07-18 01:15:24,"time_drift",0.240704536437988,"A",21
"2456585",2020-07-17 23:15:25,56320,0.0096,150198.541664062,3750,58.190308,-67.811584,"2","mof_rts_00013",0.134202113404172,2020-07-18 01:15:25,"time_drift",0.0850470066070557,"A",21
"2451800",2020-07-17 23:15:25,7040,0.0128,150198.138875,10625,76.029594,-68.442245,"1","mof_rts_00013",0.268586948601296,2020-07-18 01:15:25,"time_drift",0.0581629276275635,"A",21
"2447019",2020-07-17 23:15:25,457840,0.0096,150198.3035625,5625,62.324268,-68.932831,"0","mof_rts_00013",0.103899448615266,2020-07-18 01:15:25,"time_drift",0.240704536437988,"A",21
"2456586",2020-07-17 23:15:25,59312,0.0096,150198.529414062,3750,60.170433,-67.811584,"2","mof_rts_00013",0.121952113404404,2020-07-18 01:15:25,"time_drift",0.0850467681884766,"A",21
"2451801",2020-07-17 23:15:25,10016,0.0096,150198.002445312,13125,76.465416,-68.442245,"1","mof_rts_00013",0.405016636592336,2020-07-18 01:15:25,"time_drift",0.0549626350402832,"A",21
"2447020",2020-07-17 23:15:25,460816,0.0096,150198.092101562,5000,61.742039,-68.932831,"0","mof_rts_00013",0.315360386593966,2020-07-18 01:15:25,"time_drift",0.240704536437988,"A",21
"2456587",2020-07-17 23:15:26,62288,0.0096,150198.229164062,4375,61.143394,-67.811584,"2","mof_rts_00013",0.178297886595828,2020-07-18 01:15:26,"time_drift",0.0850462913513184,"A",21
"2451802",2020-07-17 23:15:26,13008,0.0128,150199.022875,16249.999023,78.979706,-68.442245,"1","mof_rts_00013",0.615413051389623,2020-07-18 01:15:26,"time_drift",0.054962158203125,"A",21
"2447021",2020-07-17 23:15:26,463792,0.0096,150198.092101562,5000,61.620251,-68.932831,"0","mof_rts_00013",0.315360386593966,2020-07-18 01:15:26,"time_drift",0.243901252746582,"A",21
"2456588",2020-07-17 23:15:26,65280,0.0096,150198.59375,3750,60.841393,-67.811584,"2","mof_rts_00013",0.186288051394513,2020-07-18 01:15:26,"time_drift",0.0850460529327393,"A",21
"2451803",2020-07-17 23:15:26,15984,0.0096,150199.105890625,19375,79.77153,-68.442245,"1","mof_rts_00013",0.698428676405456,2020-07-18 01:15:26,"time_drift",0.0517618656158447,"A",21
"2447022",2020-07-17 23:15:26,466768,0.0096,150198.375,3750,57.872997,-68.932831,"0","mof_rts_00013",0.0324619486054871,2020-07-18 01:15:26,"time_drift",0.243908882141113,"A",21
"2456589",2020-07-17 23:15:27,68256,0.0096,150198.529414062,3750,59.40255,-67.811584,"2","mof_rts_00013",0.121952113404404,2020-07-18 01:15:27,"time_drift",0.0850465297698975,"A",21
"2451804",2020-07-17 23:15:27,18960,0.0096,150199.548601562,18125,79.141319,-68.442245,"1","mof_rts_00013",1.14113961340627,2020-07-18 01:15:27,"time_drift",0.0517690181732178,"A",21
"2447023",2020-07-17 23:15:27,469744,0.0096,150198.461539062,3750,57.819473,-68.932831,"0","mof_rts_00013",0.0540771133964881,2020-07-18 01:15:27,"time_drift",0.243901252746582,"A",21
"2456590",2020-07-17 23:15:28,71232,0.0096,150198.4375,3750,59.177902,-67.811584,"2","mof_rts_00013",0.0300380513945129,2020-07-18 01:15:28,"time_drift",0.0850467681884766,"A",21
"2451805",2020-07-17 23:15:28,21952,0.0128,150198.02225,13750,77.983994,-68.442245,"1","mof_rts_00013",0.385211948596407,2020-07-18 01:15:28,"time_drift",0.0517687797546387,"A",21
"2447024",2020-07-17 23:15:28,472720,0.0096,150198.66071875,3125,57.564018,-68.932831,"0","mof_rts_00013",0.253256801399402,2020-07-18 01:15:28,"time_drift",0.247097969055176,"A",21
"2456591",2020-07-17 23:15:28,74208,0.0096,150198.4375,3750,59.403938,-67.811584,"2","mof_rts_00013",0.0300380513945129,2020-07-18 01:15:28,"time_drift",0.0882463455200195,"A",21
"2451806",2020-07-17 23:15:28,24928,0.0096,150198.67584375,15625,77.612152,-68.442245,"1","mof_rts_00013",0.268381801404757,2020-07-18 01:15:28,"time_drift",0.0485682487487793,"A",21
"2447025",2020-07-17 23:15:28,475696,0.0096,150198.529414062,3750,58.860336,-68.932831,"0","mof_rts_00013",0.121952113404404,2020-07-18 01:15:28,"time_drift",0.142093896865845,"A",21
"2456592",2020-07-17 23:15:29,77200,0.0096,150198.59375,3750,59.398663,-67.811584,"2","mof_rts_00013",0.186288051394513,2020-07-18 01:15:29,"time_drift",0.0850462913513184,"A",21
"2451807",2020-07-17 23:15:29,27904,0.0096,150198.8559375,16249.999023,77.50325,-68.442245,"1","mof_rts_00013",0.448475551384036,2020-07-18 01:15:29,"time_drift",0.0485677719116211,"A",21
"2447026",2020-07-17 23:15:29,478672,0.0096,150198.552632812,4375,63.028858,-68.932831,"0","mof_rts_00013",0.145170863397652,2020-07-18 01:15:29,"time_drift",0.250302314758301,"A",21
"2456593",2020-07-17 23:15:29,80176,0.0096,150198.4375,3750,58.57119,-67.811584,"2","mof_rts_00013",0.0300380513945129,2020-07-18 01:15:29,"time_drift",0.0850458145141602,"A",21
"2451808",2020-07-17 23:15:29,30880,0.0096,150198.284085938,13125,77.462791,-68.442245,"1","mof_rts_00013",0.123376010596985,2020-07-18 01:15:29,"time_drift",0.0453629493713379,"A",21
"2447027",2020-07-17 23:15:29,481632,0.0096,150198.566171875,4375,58.475708,-68.932831,"0","mof_rts_00013",0.1587099263852,2020-07-18 01:15:29,"time_drift",0.253506660461426,"A",21
"2456594",2020-07-17 23:15:30,83152,0.0096,150198.281242188,3750,59.766201,-67.811584,"2","mof_rts_00013",0.126219760597451,2020-07-18 01:15:30,"time_drift",0.0882458686828613,"A",21
"2451809",2020-07-17 23:15:30,33872,0.0096,150197.850867188,13750,77.440018,-68.442245,"1","mof_rts_00013",0.556594760593725,2020-07-18 01:15:30,"time_drift",0.0421628952026367,"A",21
"2447028",2020-07-17 23:15:30,484608,0.0096,150198.40278125,4375,59.987297,-68.932831,"0","mof_rts_00013",0.00468069859198295,2020-07-18 01:15:30,"time_drift",0.253506660461426,"A",21
"2456595",2020-07-17 23:15:31,86144,0.0096,150198.529414062,3750,58.872265,-67.811584,"2","mof_rts_00013",0.121952113404404,2020-07-18 01:15:31,"time_drift",0.0850458145141602,"A",21
"2451810",2020-07-17 23:15:31,36864,0.0096,150198.081132812,13750,77.845924,-68.442245,"1","mof_rts_00013",0.32632913661655,2020-07-18 01:15:31,"time_drift",0.0389657020568848,"A",21
"2447029",2020-07-17 23:15:31,487568,0.0096,150198.260867188,6250,65.511055,-68.932831,"0","mof_rts_00013",0.146594760619337,2020-07-18 01:15:31,"time_drift",0.259900093078613,"A",21
"2456596",2020-07-17 23:15:31,89120,0.0096,150198.345585938,3750,58.736809,-67.811584,"2","mof_rts_00013",0.0618760106153786,2020-07-18 01:15:31,"time_drift",0.0850462913513184,"A",21
"2451811",2020-07-17 23:15:31,39840,0.0128,150198.418546875,13750,77.655205,-68.442245,"1","mof_rts_00013",0.0110849264019635,2020-07-18 01:15:31,"time_drift",0.0357685089111328,"A",21
"2447030",2020-07-17 23:15:31,490528,0.0096,150198.345585938,3750,60.601883,-68.932831,"0","mof_rts_00013",0.0618760106153786,2020-07-18 01:15:31,"time_drift",0.263096809387207,"A",21
"2456597",2020-07-17 23:15:32,92112,0.0096,150198.8068125,3125,58.312645,-67.811584,"2","mof_rts_00013",0.399350551393582,2020-07-18 01:15:32,"time_drift",0.0850458145141602,"A",21
"2451812",2020-07-17 23:15:32,42816,0.0096,150198.247539062,13125,77.44548,-68.442245,"1","mof_rts_00013",0.15992288661073,2020-07-18 01:15:32,"time_drift",0.0325684547424316,"A",21
"2447031",2020-07-17 23:15:32,493504,0.0096,150198.645828125,4375,61.69199,-68.932831,"0","mof_rts_00013",0.23836617640336,2020-07-18 01:15:32,"time_drift",0.263096809387207,"A",21
"2456598",2020-07-17 23:15:32,95088,0.0096,150198.529414062,3750,57.824669,-67.811584,"2","mof_rts_00013",0.121952113404404,2020-07-18 01:15:32,"time_drift",0.0850467681884766,"A",21
"2451813",2020-07-17 23:15:32,45792,0.0096,150198.081390625,11875,76.2714,-68.442245,"1","mof_rts_00013",0.326071323594078,2020-07-18 01:15:32,"time_drift",0.0293631553649902,"A",21
"2447032",2020-07-17 23:15:32,496464,0.0096,150198.099992188,6250,66.073593,-68.932831,"0","mof_rts_00013",0.30746976059163,2020-07-18 01:15:32,"time_drift",0.266301155090332,"A",21
"2456599",2020-07-17 23:15:33,98064,0.0096,150198.345585938,3750,58.574268,-67.811584,"2","mof_rts_00013",0.0618760106153786,2020-07-18 01:15:33,"time_drift",0.0882472991943359,"A",21
"2451814",2020-07-17 23:15:33,48784,0.0096,150197.819140625,11875,76.4702,-68.442245,"1","mof_rts_00013",0.588321323593846,2020-07-18 01:15:33,"time_drift",0.0229659080505371,"A",21
"2447033",2020-07-17 23:15:33,499424,0.0096,150198.3035625,5625,62.258224,-68.932831,"0","mof_rts_00013",0.103899448615266,2020-07-18 01:15:33,"time_drift",0.272702217102051,"A",21
"2451815",2020-07-17 23:15:34,51760,0.0096,150197.953421875,13125,76.963272,-68.442245,"1","mof_rts_00013",0.454040073615033,2020-07-18 01:15:34,"time_drift",0.295668125152588,"A",21
"2456600",2020-07-17 23:15:34,104032,0.0096,150198.541664062,3750,57.907085,-67.811584,"2","mof_rts_00013",0.134202113404172,2020-07-18 01:15:34,"time_drift",0.085047721862793,"A",21
"2451816",2020-07-17 23:15:34,54736,0.0096,150198.408023438,13750,76.412224,-68.442245,"1","mof_rts_00013",0.000561489403480664,2020-07-18 01:15:34,"time_drift",0.19066309928894,"A",21
"2456601",2020-07-17 23:15:35,107008,0.0096,150198.4375,2500,56.614784,-67.811584,"2","mof_rts_00013",0.0300380513945129,2020-07-18 01:15:35,"time_drift",0.0850458145141602,"A",21
"2451817",2020-07-17 23:15:35,57728,0.0128,150198.683703125,13750,76.132164,-68.442245,"1","mof_rts_00013",0.276241176383337,2020-07-18 01:15:35,"time_drift",0.295667171478271,"A",21
"2456602",2020-07-17 23:15:35,109984,0.0096,150198.541664062,3750,57.825172,-67.811584,"2","mof_rts_00013",0.134202113404172,2020-07-18 01:15:35,"time_drift",0.0882463455200195,"A",21
"2451818",2020-07-17 23:15:35,60704,0.0096,150197.916664062,10000,74.916656,-68.442245,"1","mof_rts_00013",0.490797886595829,2020-07-18 01:15:35,"time_drift",0.292466640472412,"A",21
"2456603",2020-07-17 23:15:36,112976,0.0096,150198.645828125,3125,57.846771,-67.811584,"2","mof_rts_00013",0.23836617640336,2020-07-18 01:15:36,"time_drift",0.0850458145141602,"A",21
"2451819",2020-07-17 23:15:36,63680,0.0096,150198.273796875,10625,75.549507,-68.442245,"1","mof_rts_00013",0.133665073604789,2020-07-18 01:15:36,"time_drift",0.292466640472412,"A",21
"2456604",2020-07-17 23:15:36,115952,0.0096,150198.5576875,3125,56.242943,-67.811584,"2","mof_rts_00013",0.150225551391486,2020-07-18 01:15:36,"time_drift",0.0850467681884766,"A",21
"2451820",2020-07-17 23:15:37,66672,0.0128,150197.535375,11875,75.712532,-68.442245,"1","mof_rts_00013",0.872086948598735,2020-07-18 01:15:37,"time_drift",0.292465686798096,"A",21
"2456605",2020-07-17 23:15:37,118928,0.0096,150198.4375,3750,58.19643,-67.811584,"2","mof_rts_00013",0.0300380513945129,2020-07-18 01:15:37,"time_drift",0.0882472991943359,"A",21
"2451821",2020-07-17 23:15:37,69648,0.0096,150198.54165625,8750,74.753967,-68.442245,"1","mof_rts_00013",0.134194301383104,2020-07-18 01:15:37,"time_drift",0.289265155792236,"A",21
"2456606",2020-07-17 23:15:38,121904,0.0096,150198.541664062,3750,57.683281,-67.811584,"2","mof_rts_00013",0.134202113404172,2020-07-18 01:15:38,"time_drift",0.0882472991943359,"A",21
"2451822",2020-07-17 23:15:38,72624,0.0096,150197.839671875,11250,76.494942,-68.442245,"1","mof_rts_00013",0.567790073604556,2020-07-18 01:15:38,"time_drift",0.289265155792236,"A",21
"2456607",2020-07-17 23:15:38,124880,0.0096,150198.541664062,3750,58.011883,-67.811584,"2","mof_rts_00013",0.134202113404172,2020-07-18 01:15:38,"time_drift",0.0882453918457031,"A",21
"2451823",2020-07-17 23:15:38,75600,0.0096,150198.155476562,10625,75.852165,-68.442245,"1","mof_rts_00013",0.251985386596061,2020-07-18 01:15:38,"time_drift",0.286068439483643,"A",21
"2456608",2020-07-17 23:15:39,127856,0.0096,150198.4375,2500,54.370598,-67.811584,"2","mof_rts_00013",0.0300380513945129,2020-07-18 01:15:39,"time_drift",0.0882463455200195,"A",21
"2451824",2020-07-17 23:15:39,78576,0.0096,150198.155476562,10625,75.99424,-68.442245,"1","mof_rts_00013",0.251985386596061,2020-07-18 01:15:39,"time_drift",0.286067485809326,"A",21
"2456609",2020-07-17 23:15:39,130832,0.0096,150198.472226562,2500,53.901196,-67.811584,"2","mof_rts_00013",0.0647646134020761,2020-07-18 01:15:39,"time_drift",0.0882472991943359,"A",21
"2451825",2020-07-17 23:15:40,81552,0.0096,150198.235289062,8124.999512,72.670975,-68.442245,"1","mof_rts_00013",0.172172886610497,2020-07-18 01:15:40,"time_drift",0.184262990951538,"A",21
"2456610",2020-07-17 23:15:40,133808,0.0096,150198.522726562,2500,54.141129,-67.811584,"2","mof_rts_00013",0.115264613385079,2020-07-18 01:15:40,"time_drift",0.0882472991943359,"A",21
"2451826",2020-07-17 23:15:40,84544,0.0128,150198.593742188,8750,72.416229,-68.442245,"1","mof_rts_00013",0.186280239402549,2020-07-18 01:15:40,"time_drift",0.282869815826416,"A",21
"2456611",2020-07-17 23:15:41,136784,0.0096,150198.522726562,2500,55.066425,-67.811584,"2","mof_rts_00013",0.115264613385079,2020-07-18 01:15:41,"time_drift",0.0882472991943359,"A",21
"2451827",2020-07-17 23:15:41,87504,0.0096,150198.455867188,8750,72.539612,-68.442245,"1","mof_rts_00013",0.0484052393876482,2020-07-18 01:15:41,"time_drift",0.279665470123291,"A",21
"2456612",2020-07-17 23:15:41,139744,0.0096,150198.4375,3750,58.665123,-67.811584,"2","mof_rts_00013",0.0300380513945129,2020-07-18 01:15:41,"time_drift",0.0882472991943359,"A",21
"2451828",2020-07-17 23:15:41,90480,0.0128,150198.238632812,9375,73.498734,-68.442245,"1","mof_rts_00013",0.168829136615386,2020-07-18 01:15:41,"time_drift",0.279667377471924,"A",21
"2456613",2020-07-17 23:15:42,142720,0.0096,150198.4375,2500,55.356716,-67.811584,"2","mof_rts_00013",0.0300380513945129,2020-07-18 01:15:42,"time_drift",0.0882472991943359,"A",21
"2451829",2020-07-17 23:15:42,93440,0.0096,150198.329320312,13750,76.979439,-68.442245,"1","mof_rts_00013",0.0781416365935002,2020-07-18 01:15:42,"time_drift",0.279667377471924,"A",21
"2451830",2020-07-17 23:15:43,96416,0.0096,150198.0535625,9375,73.043015,-68.442245,"1","mof_rts_00013",0.353899448615266,2020-07-18 01:15:43,"time_drift",0.27647066116333,"A",21
"2456614",2020-07-17 23:15:43,148656,0.0096,150198.40278125,4375,60.538799,-67.811584,"2","mof_rts_00013",0.00468069859198295,2020-07-18 01:15:43,"time_drift",0.0882453918457031,"A",21
"2451831",2020-07-17 23:15:43,99376,0.0096,150197.888507812,9375,74.534233,-68.442245,"1","mof_rts_00013",0.518954136612592,2020-07-18 01:15:43,"time_drift",0.276466846466064,"A",21
"2456615",2020-07-17 23:15:44,151616,0.0096,150198.4375,2500,53.834469,-67.811584,"2","mof_rts_00013",0.0300380513945129,2020-07-18 01:15:44,"time_drift",0.0914478302001953,"A",21
"2451832",2020-07-17 23:15:44,102352,0.0096,150198.693179688,16249.999023,78.38974,-68.442245,"1","mof_rts_00013",0.285717739403481,2020-07-18 01:15:44,"time_drift",0.163532257080078,"A",21
